symbol,timestamp,open,high,low,close,volume,trade_count,vwap
SPY,2025-06-13 12:23:00+00:00,598.78,598.78,598.78,598.78,100.0,1.0,598.78
SPY,2025-06-13 12:54:00+00:00,598.0,598.0,598.0,598.0,100.0,1.0,598.0
SPY,2025-06-13 13:00:00+00:00,598.03,598.03,598.03,598.03,240.0,3.0,598.03
SPY,2025-06-13 13:17:00+00:00,597.9,597.9,597.9,597.9,570.0,3.0,597.9
SPY,2025-06-13 13:30:00+00:00,598.54,599.32,598.2,599.31,5488.0,76.0,598.890352
SPY,2025-06-13 13:31:00+00:00,599.315,600.03,599.315,600.03,13578.0,117.0,599.616143
SPY,2025-06-13 13:32:00+00:00,600.1,600.35,599.75,599.775,8848.0,92.0,599.918444
SPY,2025-06-13 13:33:00+00:00,599.755,599.89,599.38,599.38,3631.0,51.0,599.730779
SPY,2025-06-13 13:34:00+00:00,599.41,599.76,599.385,599.7,4044.0,53.0,599.561371
SPY,2025-06-13 13:35:00+00:00,599.78,599.78,599.44,599.485,3864.0,56.0,599.576207
SPY,2025-06-13 13:36:00+00:00,599.46,599.64,599.305,599.46,4655.0,81.0,599.529857
SPY,2025-06-13 13:37:00+00:00,599.565,599.75,599.46,599.75,1602.0,32.0,599.561667
SPY,2025-06-13 13:38:00+00:00,599.695,599.94,599.65,599.935,2485.0,36.0,599.818772
SPY,2025-06-13 13:39:00+00:00,599.98,600.205,599.98,600.07,6113.0,87.0,600.104105
SPY,2025-06-13 13:40:00+00:00,599.99,600.03,599.62,599.68,2090.0,39.0,599.900599
SPY,2025-06-13 13:41:00+00:00,599.695,599.94,599.695,599.87,1468.0,32.0,599.825106
SPY,2025-06-13 13:42:00+00:00,599.825,599.925,599.815,599.82,5155.0,53.0,599.868718
SPY,2025-06-13 13:43:00+00:00,599.835,599.88,599.57,599.615,7334.0,48.0,599.76566
SPY,2025-06-13 13:44:00+00:00,599.61,599.67,599.5,599.645,3234.0,40.0,599.614444
SPY,2025-06-13 13:45:00+00:00,599.67,599.67,599.08,599.21,3166.0,53.0,599.289555
SPY,2025-06-13 13:46:00+00:00,599.32,599.45,599.32,599.41,2041.0,31.0,599.400769
SPY,2025-06-13 13:47:00+00:00,599.42,599.58,599.23,599.23,6699.0,87.0,599.438138
SPY,2025-06-13 13:48:00+00:00,599.17,599.2,599.08,599.175,1869.0,32.0,599.132818
SPY,2025-06-13 13:49:00+00:00,599.05,599.05,598.79,599.005,5154.0,72.0,598.945409
SPY,2025-06-13 13:50:00+00:00,598.92,599.38,598.81,599.2,4200.0,45.0,599.105008
SPY,2025-06-13 13:51:00+00:00,599.23,599.65,599.23,599.29,3588.0,50.0,599.45
SPY,2025-06-13 13:52:00+00:00,599.07,599.13,598.97,599.08,1438.0,27.0,599.081818
SPY,2025-06-13 13:53:00+00:00,599.12,599.17,598.82,598.82,2955.0,43.0,599.051111
SPY,2025-06-13 13:54:00+00:00,598.685,598.72,598.52,598.52,2876.0,39.0,598.596305
SPY,2025-06-13 13:55:00+00:00,598.34,598.68,598.325,598.68,6620.0,85.0,598.491204
SPY,2025-06-13 13:56:00+00:00,598.755,598.755,598.37,598.5,3484.0,57.0,598.449122
SPY,2025-06-13 13:57:00+00:00,598.49,598.49,598.14,598.22,4131.0,68.0,598.334845
SPY,2025-06-13 13:58:00+00:00,598.205,598.205,597.88,598.14,11920.0,109.0,598.023247
SPY,2025-06-13 13:59:00+00:00,598.15,598.15,597.99,598.0,4240.0,57.0,598.047487
SPY,2025-06-13 14:00:00+00:00,598.16,599.02,598.16,598.48,5417.0,85.0,598.684078
SPY,2025-06-13 14:01:00+00:00,598.48,598.62,598.315,598.53,19801.0,142.0,598.474591
SPY,2025-06-13 14:02:00+00:00,598.565,598.57,598.085,598.25,2346.0,29.0,598.331153
SPY,2025-06-13 14:03:00+00:00,598.52,598.74,598.4,598.7,2492.0,36.0,598.58138
SPY,2025-06-13 14:04:00+00:00,598.58,598.72,598.38,598.48,2065.0,26.0,598.489375
SPY,2025-06-13 14:05:00+00:00,598.46,598.57,598.36,598.36,1383.0,32.0,598.468571
SPY,2025-06-13 14:06:00+00:00,598.29,598.915,598.29,598.775,3159.0,43.0,598.595315
SPY,2025-06-13 14:07:00+00:00,598.74,598.74,598.41,598.41,1295.0,34.0,598.596
SPY,2025-06-13 14:08:00+00:00,598.53,598.59,598.33,598.41,1210.0,28.0,598.464286
SPY,2025-06-13 14:09:00+00:00,598.52,598.52,598.47,598.47,592.0,18.0,598.495
SPY,2025-06-13 14:10:00+00:00,598.49,598.49,597.86,597.86,6195.0,45.0,597.907248
SPY,2025-06-13 14:11:00+00:00,597.73,597.91,597.55,597.91,7376.0,78.0,597.702806
SPY,2025-06-13 14:12:00+00:00,597.86,597.86,597.63,597.68,3442.0,31.0,597.672791
SPY,2025-06-13 14:13:00+00:00,597.775,598.05,597.775,597.99,3634.0,43.0,597.940685
SPY,2025-06-13 14:14:00+00:00,597.935,598.185,597.89,597.98,6286.0,45.0,597.96698
SPY,2025-06-13 14:15:00+00:00,597.935,597.94,597.77,597.895,2262.0,29.0,597.893594
SPY,2025-06-13 14:16:00+00:00,597.87,597.93,597.82,597.93,1930.0,26.0,597.853689
SPY,2025-06-13 14:17:00+00:00,597.7,597.9,597.7,597.78,2144.0,28.0,597.845556
SPY,2025-06-13 14:18:00+00:00,597.88,598.17,597.88,598.17,576.0,13.0,598.056
SPY,2025-06-13 14:19:00+00:00,598.17,598.17,597.81,597.86,1650.0,41.0,597.919545
SPY,2025-06-13 14:20:00+00:00,597.74,597.74,597.22,597.22,3439.0,59.0,597.488356
SPY,2025-06-13 14:21:00+00:00,597.16,597.36,597.0,597.36,3777.0,54.0,597.146433
SPY,2025-06-13 14:22:00+00:00,597.51,597.53,597.33,597.37,2351.0,34.0,597.45006
SPY,2025-06-13 14:23:00+00:00,597.43,598.0,597.4,597.98,7828.0,69.0,597.659472
SPY,2025-06-13 14:24:00+00:00,598.02,598.02,597.59,597.59,1492.0,27.0,597.773077
SPY,2025-06-13 14:25:00+00:00,597.55,597.645,597.35,597.645,2098.0,39.0,597.501724
SPY,2025-06-13 14:26:00+00:00,597.61,597.65,597.38,597.38,2444.0,36.0,597.529016
SPY,2025-06-13 14:27:00+00:00,597.415,597.48,597.11,597.25,9722.0,99.0,597.267728
SPY,2025-06-13 14:28:00+00:00,597.18,597.25,596.71,596.71,4842.0,68.0,597.020278
SPY,2025-06-13 14:29:00+00:00,596.79,596.83,596.64,596.825,2404.0,38.0,596.77525
SPY,2025-06-13 14:30:00+00:00,596.8,596.995,596.8,596.955,2307.0,48.0,596.950091
SPY,2025-06-13 14:31:00+00:00,596.77,596.95,596.69,596.95,3555.0,64.0,596.828514
SPY,2025-06-13 14:32:00+00:00,596.91,597.2,596.85,597.18,3347.0,54.0,596.939771
SPY,2025-06-13 14:33:00+00:00,597.21,597.52,597.21,597.46,3663.0,48.0,597.389441
SPY,2025-06-13 14:34:00+00:00,597.48,597.56,597.44,597.47,1501.0,33.0,597.487727
SPY,2025-06-13 14:35:00+00:00,597.44,597.6,597.34,597.51,7789.0,86.0,597.46153
SPY,2025-06-13 14:36:00+00:00,597.5,597.525,597.37,597.46,4022.0,43.0,597.422915
SPY,2025-06-13 14:37:00+00:00,597.56,598.07,597.54,598.07,2128.0,43.0,597.707674
SPY,2025-06-13 14:38:00+00:00,598.11,598.16,598.07,598.075,4498.0,52.0,598.107983
SPY,2025-06-13 14:39:00+00:00,598.145,598.33,598.145,598.33,1299.0,25.0,598.285
SPY,2025-06-13 14:40:00+00:00,598.29,598.57,598.27,598.47,3201.0,44.0,598.451552
SPY,2025-06-13 14:41:00+00:00,598.39,598.67,598.37,598.55,2427.0,51.0,598.514584
SPY,2025-06-13 14:42:00+00:00,598.7,598.86,598.42,598.42,2778.0,47.0,598.718182
SPY,2025-06-13 14:43:00+00:00,598.37,598.38,598.1,598.1,1674.0,24.0,598.285833
SPY,2025-06-13 14:44:00+00:00,598.175,598.21,597.99,597.99,2640.0,55.0,598.096509
SPY,2025-06-13 14:45:00+00:00,598.04,598.04,597.71,597.83,1699.0,29.0,597.866635
SPY,2025-06-13 14:46:00+00:00,597.97,598.12,597.92,597.92,670.0,21.0,598.044
SPY,2025-06-13 14:47:00+00:00,598.06,598.06,597.81,597.81,439.0,17.0,597.91
SPY,2025-06-13 14:48:00+00:00,597.76,597.765,597.58,597.58,1111.0,22.0,597.649
SPY,2025-06-13 14:49:00+00:00,597.52,597.75,597.5,597.74,1424.0,27.0,597.664444
SPY,2025-06-13 14:50:00+00:00,597.76,597.76,597.59,597.71,1130.0,35.0,597.693333
SPY,2025-06-13 14:51:00+00:00,597.87,598.05,597.84,598.05,1732.0,42.0,597.95
SPY,2025-06-13 14:52:00+00:00,598.115,598.44,598.115,598.43,5609.0,69.0,598.286024
SPY,2025-06-13 14:53:00+00:00,598.435,598.81,598.435,598.74,2015.0,40.0,598.673065
SPY,2025-06-13 14:54:00+00:00,598.89,599.12,598.71,598.885,6244.0,99.0,598.921042
SPY,2025-06-13 14:55:00+00:00,599.01,599.35,598.965,599.34,3918.0,66.0,599.160088
SPY,2025-06-13 14:56:00+00:00,599.3,599.3,599.06,599.075,1920.0,32.0,599.145757
SPY,2025-06-13 14:57:00+00:00,599.095,599.1,598.87,598.89,1301.0,22.0,598.9705
SPY,2025-06-13 14:58:00+00:00,598.94,599.03,598.915,598.94,1550.0,18.0,598.948495
SPY,2025-06-13 14:59:00+00:00,598.98,599.18,598.98,599.15,1149.0,32.0,599.111
SPY,2025-06-13 15:00:00+00:00,599.215,599.215,598.97,599.005,3784.0,35.0,599.063281
SPY,2025-06-13 15:01:00+00:00,599.03,599.1,598.995,598.995,1738.0,23.0,599.058545
SPY,2025-06-13 15:02:00+00:00,599.13,599.28,599.1,599.28,1620.0,38.0,599.177015
SPY,2025-06-13 15:03:00+00:00,599.25,599.33,599.19,599.31,1610.0,26.0,599.253214
SPY,2025-06-13 15:04:00+00:00,599.25,599.32,599.25,599.32,1043.0,25.0,599.28
SPY,2025-06-13 15:05:00+00:00,599.31,599.55,599.31,599.55,1443.0,26.0,599.471818
SPY,2025-06-13 15:06:00+00:00,599.69,599.69,599.41,599.44,1285.0,28.0,599.588182
SPY,2025-06-13 15:07:00+00:00,599.51,599.63,599.51,599.63,487.0,23.0,599.57
SPY,2025-06-13 15:08:00+00:00,599.64,599.69,599.6,599.6,633.0,13.0,599.634
SPY,2025-06-13 15:09:00+00:00,599.59,599.645,599.59,599.645,486.0,13.0,599.61375
SPY,2025-06-13 15:10:00+00:00,599.44,599.555,599.11,599.11,4058.0,69.0,599.237409
SPY,2025-06-13 15:11:00+00:00,599.19,599.325,599.115,599.27,3232.0,33.0,599.290571
SPY,2025-06-13 15:12:00+00:00,599.305,599.5,599.3,599.5,2011.0,34.0,599.382181
SPY,2025-06-13 15:13:00+00:00,599.53,599.56,599.4,599.55,2383.0,37.0,599.483674
SPY,2025-06-13 15:14:00+00:00,599.58,599.71,599.58,599.71,1104.0,19.0,599.636702
SPY,2025-06-13 15:15:00+00:00,599.8,599.9,599.785,599.825,2014.0,32.0,599.827936
SPY,2025-06-13 15:16:00+00:00,599.87,599.93,599.76,599.76,917.0,14.0,599.88125
SPY,2025-06-13 15:17:00+00:00,599.755,599.755,599.53,599.53,1542.0,27.0,599.642339
SPY,2025-06-13 15:18:00+00:00,599.7,599.7,599.7,599.7,443.0,12.0,599.7
SPY,2025-06-13 15:19:00+00:00,599.87,599.87,599.87,599.87,382.0,13.0,599.87
SPY,2025-06-13 15:20:00+00:00,599.98,600.06,599.95,599.95,1637.0,31.0,599.998333
SPY,2025-06-13 15:21:00+00:00,599.87,599.96,599.87,599.955,931.0,22.0,599.917935
SPY,2025-06-13 15:22:00+00:00,599.99,600.56,599.91,600.56,2482.0,47.0,600.258142
SPY,2025-06-13 15:23:00+00:00,600.56,600.56,600.23,600.23,1351.0,29.0,600.452977
SPY,2025-06-13 15:24:00+00:00,600.305,600.34,600.135,600.135,4754.0,42.0,600.168749
SPY,2025-06-13 15:25:00+00:00,600.005,600.15,599.99,600.11,3871.0,37.0,600.094384
SPY,2025-06-13 15:26:00+00:00,600.06,600.09,600.06,600.09,815.0,12.0,600.067208
SPY,2025-06-13 15:27:00+00:00,600.145,600.405,600.145,600.405,2217.0,28.0,600.25734
SPY,2025-06-13 15:28:00+00:00,600.36,600.405,600.36,600.4,528.0,11.0,600.388333
SPY,2025-06-13 15:29:00+00:00,600.33,600.58,600.33,600.58,577.0,14.0,600.448
SPY,2025-06-13 15:30:00+00:00,600.71,600.745,600.71,600.72,1242.0,22.0,600.722143
SPY,2025-06-13 15:31:00+00:00,600.63,600.795,600.63,600.795,2121.0,25.0,600.711519
SPY,2025-06-13 15:32:00+00:00,600.91,600.92,600.73,600.77,1352.0,23.0,600.8215
SPY,2025-06-13 15:33:00+00:00,600.77,600.77,600.77,600.77,596.0,13.0,600.77
SPY,2025-06-13 15:34:00+00:00,600.7,600.7,600.52,600.67,1577.0,17.0,600.641429
SPY,2025-06-13 15:35:00+00:00,600.615,600.615,600.44,600.48,1995.0,26.0,600.498077
SPY,2025-06-13 15:36:00+00:00,600.38,600.59,600.38,600.515,1133.0,25.0,600.515714
SPY,2025-06-13 15:37:00+00:00,600.58,600.61,600.37,600.37,999.0,16.0,600.52625
SPY,2025-06-13 15:38:00+00:00,600.57,600.57,600.57,600.57,164.0,9.0,600.57
SPY,2025-06-13 15:39:00+00:00,600.45,600.59,600.45,600.545,1386.0,22.0,600.536818
SPY,2025-06-13 15:40:00+00:00,600.47,600.52,600.31,600.46,2421.0,32.0,600.457895
SPY,2025-06-13 15:41:00+00:00,600.505,600.66,600.505,600.66,528.0,11.0,600.57125
SPY,2025-06-13 15:42:00+00:00,600.75,600.89,600.74,600.89,437.0,9.0,600.805
SPY,2025-06-13 15:43:00+00:00,600.89,600.925,600.88,600.9,1120.0,26.0,600.896587
SPY,2025-06-13 15:44:00+00:00,600.95,601.01,600.89,600.89,955.0,17.0,600.954286
SPY,2025-06-13 15:45:00+00:00,600.94,600.95,600.835,600.95,698.0,14.0,600.894961
SPY,2025-06-13 15:46:00+00:00,600.89,601.15,600.89,601.15,1034.0,19.0,600.995185
SPY,2025-06-13 15:47:00+00:00,601.1,601.4,601.07,601.31,1359.0,18.0,601.195
SPY,2025-06-13 15:48:00+00:00,601.35,601.365,601.31,601.325,2208.0,27.0,601.338333
SPY,2025-06-13 15:49:00+00:00,601.315,601.34,601.195,601.27,5652.0,69.0,601.267793
SPY,2025-06-13 15:50:00+00:00,601.365,601.4,601.3,601.39,2018.0,29.0,601.367421
SPY,2025-06-13 15:51:00+00:00,601.39,601.54,601.39,601.54,498.0,11.0,601.456667
SPY,2025-06-13 15:52:00+00:00,601.64,601.64,601.5,601.5,2371.0,29.0,601.595682
SPY,2025-06-13 15:53:00+00:00,601.57,601.6,601.5,601.5,2167.0,24.0,601.5775
SPY,2025-06-13 15:54:00+00:00,601.5,601.67,601.5,601.67,433.0,13.0,601.585
SPY,2025-06-13 15:55:00+00:00,601.51,601.51,601.24,601.24,2011.0,35.0,601.43755
SPY,2025-06-13 15:56:00+00:00,601.18,601.26,601.02,601.075,7736.0,51.0,601.121868
SPY,2025-06-13 15:57:00+00:00,601.095,601.32,601.045,601.29,6594.0,68.0,601.182791
SPY,2025-06-13 15:58:00+00:00,601.26,601.31,601.17,601.17,1300.0,21.0,601.25375
SPY,2025-06-13 15:59:00+00:00,601.285,601.325,601.25,601.25,2111.0,25.0,601.293734
SPY,2025-06-13 16:00:00+00:00,601.255,601.33,601.145,601.145,1738.0,26.0,601.204446
SPY,2025-06-13 16:01:00+00:00,601.07,601.07,600.93,600.99,1517.0,28.0,601.016364
SPY,2025-06-13 16:02:00+00:00,601.09,601.23,601.09,601.19,1413.0,24.0,601.170351
SPY,2025-06-13 16:03:00+00:00,601.225,601.225,601.225,601.225,229.0,8.0,601.225
SPY,2025-06-13 16:04:00+00:00,601.22,601.22,601.01,601.01,329.0,11.0,601.13
SPY,2025-06-13 16:05:00+00:00,601.035,601.08,600.93,601.01,2586.0,33.0,601.000331
SPY,2025-06-13 16:06:00+00:00,601.065,601.28,601.065,601.28,559.0,17.0,601.126429
SPY,2025-06-13 16:07:00+00:00,601.26,601.27,601.2,601.24,1501.0,22.0,601.24
SPY,2025-06-13 16:08:00+00:00,601.355,601.48,601.34,601.37,2998.0,29.0,601.374949
SPY,2025-06-13 16:09:00+00:00,601.41,601.41,601.37,601.37,573.0,9.0,601.387
SPY,2025-06-13 16:10:00+00:00,601.415,601.49,601.405,601.47,2931.0,39.0,601.445697
SPY,2025-06-13 16:11:00+00:00,601.47,601.66,601.47,601.51,2473.0,42.0,601.553095
SPY,2025-06-13 16:12:00+00:00,601.62,601.62,601.58,601.58,975.0,21.0,601.595714
SPY,2025-06-13 16:13:00+00:00,601.59,601.67,601.59,601.67,498.0,13.0,601.61
SPY,2025-06-13 16:14:00+00:00,601.71,601.78,601.65,601.65,897.0,15.0,601.698537
SPY,2025-06-13 16:15:00+00:00,601.535,601.585,601.375,601.38,1754.0,29.0,601.492667
SPY,2025-06-13 16:16:00+00:00,601.52,601.76,601.52,601.74,1134.0,19.0,601.62089
SPY,2025-06-13 16:17:00+00:00,601.79,601.79,601.67,601.675,9619.0,24.0,601.721872
SPY,2025-06-13 16:18:00+00:00,601.685,601.84,601.685,601.81,1931.0,22.0,601.767658
SPY,2025-06-13 16:19:00+00:00,601.76,601.76,601.695,601.73,979.0,16.0,601.720714
SPY,2025-06-13 16:20:00+00:00,601.71,601.71,601.56,601.59,803.0,12.0,601.610714
SPY,2025-06-13 16:21:00+00:00,601.49,601.58,601.49,601.58,611.0,17.0,601.526667
SPY,2025-06-13 16:22:00+00:00,601.62,601.685,601.62,601.64,809.0,15.0,601.637857
SPY,2025-06-13 16:23:00+00:00,601.65,601.65,601.65,601.65,260.0,9.0,601.65
SPY,2025-06-13 16:24:00+00:00,601.63,601.63,601.5,601.5,1110.0,21.0,601.5575
SPY,2025-06-13 16:25:00+00:00,601.53,601.61,601.53,601.55,555.0,16.0,601.563333
SPY,2025-06-13 16:26:00+00:00,601.5,601.5,601.31,601.31,1436.0,24.0,601.3775
SPY,2025-06-13 16:27:00+00:00,601.135,601.16,601.11,601.16,1542.0,21.0,601.137795
SPY,2025-06-13 16:28:00+00:00,601.12,601.12,600.84,600.89,1540.0,36.0,600.922727
SPY,2025-06-13 16:29:00+00:00,600.9,600.92,600.74,600.88,2555.0,32.0,600.871596
SPY,2025-06-13 16:30:00+00:00,600.89,601.07,600.855,601.07,1552.0,31.0,600.946111
SPY,2025-06-13 16:31:00+00:00,601.09,601.18,601.07,601.07,1842.0,30.0,601.130357
SPY,2025-06-13 16:32:00+00:00,601.2,601.2,601.09,601.16,1064.0,18.0,601.144315
SPY,2025-06-13 16:34:00+00:00,601.25,601.29,601.18,601.18,652.0,19.0,601.245
SPY,2025-06-13 16:35:00+00:00,601.32,601.32,601.31,601.31,607.0,12.0,601.315
SPY,2025-06-13 16:36:00+00:00,601.07,601.08,601.07,601.08,483.0,14.0,601.075
SPY,2025-06-13 16:37:00+00:00,600.92,601.025,600.92,601.0,1200.0,20.0,600.971809
SPY,2025-06-13 16:38:00+00:00,600.905,600.94,600.73,600.83,580.0,12.0,600.85125
SPY,2025-06-13 16:39:00+00:00,600.76,600.76,600.65,600.68,1148.0,17.0,600.685758
SPY,2025-06-13 16:40:00+00:00,600.7,600.78,600.61,600.78,1409.0,25.0,600.681923
SPY,2025-06-13 16:41:00+00:00,600.74,600.91,600.74,600.85,1436.0,27.0,600.833636
SPY,2025-06-13 16:42:00+00:00,600.75,600.75,600.75,600.75,245.0,12.0,600.75
SPY,2025-06-13 16:43:00+00:00,600.74,600.75,600.74,600.75,453.0,12.0,600.745
SPY,2025-06-13 16:44:00+00:00,600.57,600.665,600.525,600.665,4655.0,46.0,600.59566
SPY,2025-06-13 16:45:00+00:00,600.63,600.64,600.545,600.545,2391.0,20.0,600.56815
SPY,2025-06-13 16:46:00+00:00,600.6,600.65,600.6,600.65,517.0,12.0,600.62
SPY,2025-06-13 16:47:00+00:00,600.47,600.5,600.425,600.425,459.0,14.0,600.465
SPY,2025-06-13 16:48:00+00:00,600.44,600.49,600.42,600.42,1245.0,20.0,600.460455
SPY,2025-06-13 16:49:00+00:00,600.4,600.46,600.38,600.38,849.0,22.0,600.405
SPY,2025-06-13 16:50:00+00:00,600.315,600.475,600.285,600.475,1985.0,30.0,600.320598
SPY,2025-06-13 16:51:00+00:00,600.49,600.685,600.475,600.685,2076.0,33.0,600.557
SPY,2025-06-13 16:52:00+00:00,600.8,600.95,600.725,600.95,3396.0,42.0,600.831983
SPY,2025-06-13 16:53:00+00:00,600.91,601.23,600.87,601.16,1312.0,25.0,601.059891
SPY,2025-06-13 16:54:00+00:00,601.19,601.19,601.1,601.12,1314.0,18.0,601.128889
SPY,2025-06-13 16:55:00+00:00,601.13,601.255,601.11,601.22,1237.0,18.0,601.173
SPY,2025-06-13 16:56:00+00:00,601.205,601.36,601.205,601.36,469.0,9.0,601.257083
SPY,2025-06-13 16:57:00+00:00,601.4,601.4,601.39,601.4,1049.0,16.0,601.394286
SPY,2025-06-13 16:58:00+00:00,601.465,601.465,601.14,601.14,2925.0,31.0,601.247479
SPY,2025-06-13 16:59:00+00:00,601.14,601.14,601.07,601.07,1638.0,20.0,601.096669
SPY,2025-06-13 17:00:00+00:00,600.98,601.14,600.92,601.07,2353.0,33.0,600.99985
SPY,2025-06-13 17:01:00+00:00,601.07,601.07,601.02,601.02,500.0,11.0,601.045
SPY,2025-06-13 17:02:00+00:00,601.0,601.05,601.0,601.05,886.0,18.0,601.031667
SPY,2025-06-13 17:03:00+00:00,601.15,601.15,600.92,600.92,966.0,13.0,601.044286
SPY,2025-06-13 17:04:00+00:00,600.93,600.93,600.75,600.765,2459.0,23.0,600.792049
SPY,2025-06-13 17:05:00+00:00,600.79,600.82,600.7,600.725,2103.0,30.0,600.761875
SPY,2025-06-13 17:06:00+00:00,600.67,600.795,600.67,600.725,2525.0,18.0,600.743957
SPY,2025-06-13 17:07:00+00:00,600.65,600.65,600.45,600.46,1262.0,21.0,600.473499
SPY,2025-06-13 17:08:00+00:00,600.45,600.53,600.42,600.5,2027.0,29.0,600.481765
SPY,2025-06-13 17:09:00+00:00,600.5,600.5,600.39,600.39,787.0,13.0,600.443333
SPY,2025-06-13 17:10:00+00:00,600.4,600.4,600.04,600.155,4164.0,49.0,600.132654
SPY,2025-06-13 17:11:00+00:00,600.13,600.13,599.95,599.97,2656.0,37.0,600.012826
SPY,2025-06-13 17:12:00+00:00,599.87,600.09,599.83,600.09,2823.0,35.0,599.9506
SPY,2025-06-13 17:13:00+00:00,600.14,600.36,600.14,600.36,2575.0,44.0,600.27496
SPY,2025-06-13 17:14:00+00:00,600.22,600.22,600.17,600.17,470.0,21.0,600.195
SPY,2025-06-13 17:15:00+00:00,600.05,600.05,599.7,599.72,3374.0,40.0,599.824516
SPY,2025-06-13 17:16:00+00:00,599.64,599.72,599.24,599.32,6062.0,72.0,599.460792
SPY,2025-06-13 17:17:00+00:00,599.27,599.74,599.27,599.65,5105.0,68.0,599.47498
SPY,2025-06-13 17:18:00+00:00,599.7,599.88,599.67,599.7,1554.0,27.0,599.748333
SPY,2025-06-13 17:19:00+00:00,599.69,599.69,599.64,599.67,793.0,14.0,599.665
SPY,2025-06-13 17:20:00+00:00,599.9,600.12,599.9,600.12,1196.0,26.0,600.024
SPY,2025-06-13 17:21:00+00:00,600.26,600.56,600.24,600.24,1402.0,24.0,600.322222
SPY,2025-06-13 17:22:00+00:00,600.33,600.33,600.045,600.055,1459.0,23.0,600.241751
SPY,2025-06-13 17:23:00+00:00,599.97,600.04,599.86,599.98,3133.0,34.0,599.929503
SPY,2025-06-13 17:24:00+00:00,599.97,600.245,599.97,600.11,7988.0,29.0,600.129156
SPY,2025-06-13 17:25:00+00:00,600.15,600.175,600.065,600.065,3308.0,22.0,600.137331
SPY,2025-06-13 17:26:00+00:00,600.11,600.11,599.94,600.05,2186.0,17.0,600.06739
SPY,2025-06-13 17:27:00+00:00,600.0,600.04,599.905,599.93,791.0,14.0,599.974478
SPY,2025-06-13 17:28:00+00:00,599.87,599.87,599.77,599.81,740.0,15.0,599.806
SPY,2025-06-13 17:29:00+00:00,599.66,599.69,599.56,599.56,1581.0,37.0,599.643089
SPY,2025-06-13 17:30:00+00:00,599.5,599.7,599.5,599.68,1774.0,41.0,599.649783
SPY,2025-06-13 17:31:00+00:00,599.67,599.88,599.67,599.88,2086.0,40.0,599.791793
SPY,2025-06-13 17:32:00+00:00,599.93,599.93,599.81,599.81,1846.0,26.0,599.843333
SPY,2025-06-13 17:33:00+00:00,599.99,600.07,599.96,599.99,1210.0,27.0,600.01375
SPY,2025-06-13 17:34:00+00:00,599.95,599.95,599.53,599.53,2030.0,33.0,599.669211
SPY,2025-06-13 17:35:00+00:00,599.51,599.64,599.5,599.6,3332.0,57.0,599.563613
SPY,2025-06-13 17:36:00+00:00,599.57,599.71,599.54,599.68,2039.0,38.0,599.610714
SPY,2025-06-13 17:37:00+00:00,599.675,599.68,599.445,599.535,2181.0,33.0,599.59125
SPY,2025-06-13 17:38:00+00:00,599.575,599.61,599.35,599.35,1157.0,19.0,599.518768
SPY,2025-06-13 17:39:00+00:00,599.335,599.45,599.335,599.45,604.0,12.0,599.404
SPY,2025-06-13 17:40:00+00:00,599.57,599.57,599.555,599.555,1367.0,21.0,599.565909
SPY,2025-06-13 17:41:00+00:00,599.48,599.54,599.48,599.5,719.0,13.0,599.508333
SPY,2025-06-13 17:42:00+00:00,599.57,599.75,599.57,599.69,1460.0,29.0,599.629242
SPY,2025-06-13 17:43:00+00:00,599.45,599.67,599.45,599.49,3137.0,53.0,599.56608
SPY,2025-06-13 17:44:00+00:00,599.3,599.44,598.96,599.44,5296.0,64.0,599.166122
SPY,2025-06-13 17:45:00+00:00,599.44,599.68,599.4,599.54,2682.0,37.0,599.541429
SPY,2025-06-13 17:46:00+00:00,599.55,599.55,599.37,599.45,2018.0,37.0,599.449641
SPY,2025-06-13 17:47:00+00:00,599.45,599.51,599.34,599.36,2168.0,30.0,599.393158
SPY,2025-06-13 17:48:00+00:00,599.37,599.415,599.34,599.345,3603.0,27.0,599.382204
SPY,2025-06-13 17:49:00+00:00,599.3,599.31,599.25,599.3,2168.0,26.0,599.286985
SPY,2025-06-13 17:50:00+00:00,599.33,599.73,599.3,599.71,2483.0,42.0,599.4865
SPY,2025-06-13 17:51:00+00:00,599.77,600.06,599.76,599.935,4224.0,66.0,599.925014
SPY,2025-06-13 17:52:00+00:00,600.0,600.15,599.985,600.06,1570.0,31.0,600.057143
SPY,2025-06-13 17:53:00+00:00,600.05,600.1,600.01,600.03,3375.0,46.0,600.035537
SPY,2025-06-13 17:54:00+00:00,600.035,600.035,599.905,599.99,1280.0,32.0,599.972857
SPY,2025-06-13 17:55:00+00:00,599.94,599.94,599.71,599.77,2872.0,51.0,599.797857
SPY,2025-06-13 17:56:00+00:00,599.77,599.9,599.77,599.8,1536.0,31.0,599.834
SPY,2025-06-13 17:57:00+00:00,599.8,599.91,599.73,599.79,3158.0,47.0,599.808591
SPY,2025-06-13 17:58:00+00:00,599.7,599.89,599.7,599.89,1221.0,28.0,599.828149
SPY,2025-06-13 17:59:00+00:00,599.84,599.84,599.78,599.8,964.0,25.0,599.81
SPY,2025-06-13 18:00:00+00:00,599.8,600.2,599.7,600.15,3422.0,33.0,600.008896
SPY,2025-06-13 18:01:00+00:00,600.14,600.25,600.085,600.19,2051.0,31.0,600.151765
SPY,2025-06-13 18:02:00+00:00,600.185,600.205,600.06,600.06,1223.0,21.0,600.140625
SPY,2025-06-13 18:03:00+00:00,600.15,600.15,599.59,599.59,3059.0,49.0,599.756573
SPY,2025-06-13 18:04:00+00:00,599.34,599.35,598.92,599.11,5601.0,68.0,599.166121
SPY,2025-06-13 18:05:00+00:00,599.49,599.65,599.18,599.18,2749.0,42.0,599.52734
SPY,2025-06-13 18:06:00+00:00,599.03,599.03,598.92,598.92,1230.0,23.0,598.96784
SPY,2025-06-13 18:07:00+00:00,598.98,598.98,598.69,598.74,1820.0,25.0,598.818438
SPY,2025-06-13 18:08:00+00:00,598.89,598.89,598.68,598.68,1504.0,19.0,598.810357
SPY,2025-06-13 18:09:00+00:00,598.76,598.92,598.725,598.85,1532.0,30.0,598.805909
SPY,2025-06-13 18:10:00+00:00,598.83,598.83,598.76,598.79,1398.0,23.0,598.7835
SPY,2025-06-13 18:11:00+00:00,598.675,598.89,598.595,598.89,2885.0,33.0,598.750984
SPY,2025-06-13 18:12:00+00:00,598.88,599.14,598.88,599.07,1241.0,23.0,599.047143
SPY,2025-06-13 18:13:00+00:00,598.98,599.01,598.93,598.97,1068.0,21.0,598.99
SPY,2025-06-13 18:14:00+00:00,598.96,598.96,598.62,598.62,5989.0,53.0,598.729177
SPY,2025-06-13 18:15:00+00:00,598.61,598.62,597.9,598.28,3161.0,68.0,598.275
SPY,2025-06-13 18:16:00+00:00,598.24,598.25,598.08,598.08,1959.0,26.0,598.176667
SPY,2025-06-13 18:17:00+00:00,598.07,598.39,598.06,598.385,2806.0,40.0,598.22929
SPY,2025-06-13 18:18:00+00:00,598.165,598.32,598.01,598.29,1673.0,27.0,598.122333
SPY,2025-06-13 18:19:00+00:00,598.43,598.59,598.43,598.555,5801.0,45.0,598.499861
SPY,2025-06-13 18:20:00+00:00,598.58,598.685,598.365,598.38,3509.0,34.0,598.611517
SPY,2025-06-13 18:21:00+00:00,598.37,598.37,598.05,598.09,2177.0,30.0,598.162835
SPY,2025-06-13 18:22:00+00:00,598.02,598.04,597.905,597.93,10185.0,69.0,597.937378
SPY,2025-06-13 18:23:00+00:00,598.0,598.34,598.0,598.25,3537.0,53.0,598.175814
SPY,2025-06-13 18:24:00+00:00,598.2,598.2,598.16,598.16,736.0,14.0,598.182
SPY,2025-06-13 18:25:00+00:00,598.08,598.2,598.05,598.2,973.0,21.0,598.106667
SPY,2025-06-13 18:26:00+00:00,598.15,598.15,597.68,597.75,1644.0,23.0,597.841471
SPY,2025-06-13 18:27:00+00:00,597.74,597.74,597.18,597.29,2232.0,29.0,597.418973
SPY,2025-06-13 18:28:00+00:00,597.33,597.33,597.15,597.15,3248.0,25.0,597.247563
SPY,2025-06-13 18:29:00+00:00,597.245,597.245,597.03,597.18,1777.0,32.0,597.127857
SPY,2025-06-13 18:30:00+00:00,597.04,597.29,597.0,597.09,2801.0,41.0,597.111277
SPY,2025-06-13 18:31:00+00:00,597.09,597.14,596.815,596.92,6591.0,60.0,596.944224
SPY,2025-06-13 18:32:00+00:00,596.92,596.945,596.145,596.24,5308.0,57.0,596.534764
SPY,2025-06-13 18:33:00+00:00,596.16,596.56,596.11,596.16,5425.0,75.0,596.356124
SPY,2025-06-13 18:34:00+00:00,596.17,596.69,596.05,596.53,3106.0,52.0,596.484614
SPY,2025-06-13 18:35:00+00:00,596.45,596.69,596.31,596.31,3294.0,49.0,596.528433
SPY,2025-06-13 18:36:00+00:00,596.35,596.35,595.93,595.94,5159.0,40.0,596.020938
SPY,2025-06-13 18:37:00+00:00,596.05,596.31,595.99,596.06,9205.0,62.0,596.097478
SPY,2025-06-13 18:38:00+00:00,595.91,595.98,595.63,595.89,4243.0,63.0,595.781774
SPY,2025-06-13 18:39:00+00:00,596.0,596.1,595.88,596.02,2425.0,44.0,596.031658
SPY,2025-06-13 18:40:00+00:00,595.93,596.24,595.69,596.22,3295.0,67.0,595.941683
SPY,2025-06-13 18:41:00+00:00,596.31,596.57,596.07,596.07,2880.0,44.0,596.339368
SPY,2025-06-13 18:42:00+00:00,595.995,596.35,595.995,596.23,1139.0,16.0,596.130359
SPY,2025-06-13 18:43:00+00:00,596.24,596.24,595.96,596.19,3965.0,41.0,596.142909
SPY,2025-06-13 18:44:00+00:00,596.06,596.28,596.01,596.205,1304.0,30.0,596.175
SPY,2025-06-13 18:45:00+00:00,596.45,596.84,596.42,596.66,2953.0,53.0,596.663601
SPY,2025-06-13 18:46:00+00:00,596.71,596.81,596.66,596.8,3234.0,39.0,596.763739
SPY,2025-06-13 18:47:00+00:00,596.85,596.86,596.29,596.39,3598.0,73.0,596.537734
SPY,2025-06-13 18:48:00+00:00,596.47,596.5,596.17,596.17,1967.0,26.0,596.367647
SPY,2025-06-13 18:49:00+00:00,596.16,596.16,596.1,596.14,2863.0,37.0,596.1475
SPY,2025-06-13 18:50:00+00:00,596.165,596.4,596.165,596.175,2591.0,39.0,596.277448
SPY,2025-06-13 18:51:00+00:00,596.14,596.71,596.14,596.63,950.0,16.0,596.398571
SPY,2025-06-13 18:52:00+00:00,596.52,596.72,596.485,596.605,9349.0,72.0,596.59084
SPY,2025-06-13 18:53:00+00:00,596.58,596.73,596.49,596.73,3936.0,48.0,596.584863
SPY,2025-06-13 18:54:00+00:00,596.75,597.13,596.72,597.13,1925.0,36.0,596.960385
SPY,2025-06-13 18:55:00+00:00,597.17,597.325,596.82,596.82,3466.0,50.0,597.203704
SPY,2025-06-13 18:56:00+00:00,596.86,597.06,596.73,597.06,1820.0,29.0,596.937008
SPY,2025-06-13 18:57:00+00:00,597.03,597.03,596.62,596.62,1598.0,29.0,596.7972
SPY,2025-06-13 18:58:00+00:00,596.705,596.81,596.67,596.69,1658.0,20.0,596.712369
SPY,2025-06-13 18:59:00+00:00,596.74,597.23,596.73,597.23,1724.0,35.0,596.890502
SPY,2025-06-13 19:00:00+00:00,597.2,597.26,596.93,596.93,3711.0,39.0,597.158449
SPY,2025-06-13 19:01:00+00:00,596.91,596.97,596.6,596.6,1600.0,25.0,596.722365
SPY,2025-06-13 19:02:00+00:00,596.41,596.58,596.31,596.37,4269.0,53.0,596.402778
SPY,2025-06-13 19:03:00+00:00,596.46,597.06,596.46,596.98,2953.0,33.0,596.846382
SPY,2025-06-13 19:04:00+00:00,597.05,597.05,596.98,596.98,684.0,19.0,597.016667
SPY,2025-06-13 19:05:00+00:00,596.84,596.84,596.68,596.82,1526.0,25.0,596.771667
SPY,2025-06-13 19:06:00+00:00,596.69,596.86,596.69,596.74,822.0,24.0,596.748571
SPY,2025-06-13 19:07:00+00:00,596.82,597.22,596.82,597.17,2219.0,32.0,597.106983
SPY,2025-06-13 19:08:00+00:00,597.17,597.26,597.14,597.23,918.0,15.0,597.20254
SPY,2025-06-13 19:09:00+00:00,597.2,597.61,597.18,597.56,4588.0,38.0,597.464947
SPY,2025-06-13 19:10:00+00:00,597.46,597.46,597.25,597.3,6516.0,48.0,597.352432
SPY,2025-06-13 19:11:00+00:00,597.18,597.23,597.0,597.0,1235.0,17.0,597.0705
SPY,2025-06-13 19:12:00+00:00,597.02,597.15,596.95,597.14,969.0,17.0,597.036787
SPY,2025-06-13 19:13:00+00:00,597.12,597.305,597.01,597.26,2699.0,49.0,597.141201
SPY,2025-06-13 19:14:00+00:00,597.3,597.58,597.17,597.4,1596.0,26.0,597.386804
SPY,2025-06-13 19:15:00+00:00,597.55,597.55,597.17,597.33,1557.0,31.0,597.4055
SPY,2025-06-13 19:16:00+00:00,597.39,597.39,597.255,597.32,1440.0,16.0,597.299952
SPY,2025-06-13 19:17:00+00:00,597.34,597.36,597.065,597.08,3950.0,51.0,597.189739
SPY,2025-06-13 19:18:00+00:00,597.07,597.27,597.05,597.05,6539.0,60.0,597.177067
SPY,2025-06-13 19:19:00+00:00,597.02,597.02,596.845,597.01,1511.0,35.0,596.927088
SPY,2025-06-13 19:20:00+00:00,596.99,597.34,596.99,597.23,5757.0,79.0,597.179102
SPY,2025-06-13 19:21:00+00:00,597.355,597.4,596.93,596.93,2856.0,41.0,597.202173
SPY,2025-06-13 19:22:00+00:00,596.92,597.0,596.6,596.735,3037.0,33.0,596.761508
SPY,2025-06-13 19:23:00+00:00,596.69,596.71,596.57,596.57,5446.0,50.0,596.642699
SPY,2025-06-13 19:24:00+00:00,596.59,596.725,596.44,596.45,8144.0,88.0,596.583436
SPY,2025-06-13 19:25:00+00:00,596.57,596.57,596.225,596.31,4913.0,49.0,596.376228
SPY,2025-06-13 19:26:00+00:00,596.34,596.34,596.2,596.26,2665.0,39.0,596.2615
SPY,2025-06-13 19:27:00+00:00,596.24,596.24,596.06,596.14,3491.0,52.0,596.126722
SPY,2025-06-13 19:28:00+00:00,596.26,596.45,596.26,596.36,2654.0,38.0,596.338978
SPY,2025-06-13 19:29:00+00:00,596.37,596.4,596.24,596.28,2335.0,33.0,596.345046
SPY,2025-06-13 19:30:00+00:00,596.39,596.73,596.36,596.645,5938.0,54.0,596.563568
SPY,2025-06-13 19:31:00+00:00,596.72,596.85,596.58,596.7,3239.0,33.0,596.714651
SPY,2025-06-13 19:32:00+00:00,596.705,596.71,596.37,596.38,9328.0,81.0,596.601181
SPY,2025-06-13 19:33:00+00:00,596.35,596.47,595.99,596.035,6461.0,64.0,596.224082
SPY,2025-06-13 19:34:00+00:00,596.03,596.21,595.935,596.19,2539.0,37.0,596.057729
SPY,2025-06-13 19:35:00+00:00,596.16,596.52,596.14,596.34,2566.0,33.0,596.32814
SPY,2025-06-13 19:36:00+00:00,596.42,596.87,596.32,596.83,3679.0,49.0,596.635775
SPY,2025-06-13 19:37:00+00:00,596.91,597.17,596.91,597.15,2836.0,34.0,597.064123
SPY,2025-06-13 19:38:00+00:00,597.16,597.16,597.02,597.02,2699.0,24.0,597.084617
SPY,2025-06-13 19:39:00+00:00,596.925,596.935,596.75,596.78,4244.0,20.0,596.875584
SPY,2025-06-13 19:40:00+00:00,596.585,596.96,596.585,596.96,3185.0,22.0,596.832261
SPY,2025-06-13 19:41:00+00:00,596.985,597.1,596.72,596.72,1669.0,20.0,596.971429
SPY,2025-06-13 19:42:00+00:00,596.79,596.79,596.36,596.36,3228.0,30.0,596.45098
SPY,2025-06-13 19:43:00+00:00,596.28,596.34,596.16,596.21,2518.0,40.0,596.251945
SPY,2025-06-13 19:44:00+00:00,596.19,596.19,596.09,596.155,1455.0,20.0,596.152273
SPY,2025-06-13 19:45:00+00:00,596.145,596.145,595.63,595.75,3000.0,41.0,595.828941
SPY,2025-06-13 19:46:00+00:00,595.62,595.93,595.52,595.895,5820.0,55.0,595.76879
SPY,2025-06-13 19:47:00+00:00,595.93,596.15,595.77,595.94,4112.0,47.0,595.973605
SPY,2025-06-13 19:48:00+00:00,595.97,596.53,595.9,596.525,4770.0,58.0,596.219144
SPY,2025-06-13 19:49:00+00:00,596.69,596.83,596.39,596.415,5726.0,78.0,596.57408
SPY,2025-06-13 19:50:00+00:00,596.47,596.72,596.385,596.385,3979.0,64.0,596.557309
SPY,2025-06-13 19:51:00+00:00,596.365,596.58,596.21,596.21,5760.0,65.0,596.439234
SPY,2025-06-13 19:52:00+00:00,596.39,596.43,596.05,596.06,3147.0,47.0,596.250667
SPY,2025-06-13 19:53:00+00:00,596.085,596.135,595.81,595.81,11770.0,78.0,596.016514
SPY,2025-06-13 19:54:00+00:00,595.87,596.06,595.795,595.93,8235.0,66.0,595.926714
SPY,2025-06-13 19:55:00+00:00,595.93,596.325,595.87,595.965,8392.0,87.0,596.131062
SPY,2025-06-13 19:56:00+00:00,596.245,596.405,596.18,596.18,8371.0,104.0,596.302838
SPY,2025-06-13 19:57:00+00:00,596.17,596.27,596.035,596.08,10081.0,116.0,596.132312
SPY,2025-06-13 19:58:00+00:00,596.14,596.32,596.025,596.32,14032.0,132.0,596.201501
SPY,2025-06-13 19:59:00+00:00,596.25,596.85,596.16,596.78,15677.0,139.0,596.423206
SPY,2025-06-13 20:20:00+00:00,597.43,597.43,597.4,597.4,8864.0,12.0,597.420916
SPY,2025-06-13 20:28:00+00:00,597.0,597.0,597.0,597.0,123.0,2.0,597.0
SPY,2025-06-16 12:06:00+00:00,600.64,600.64,600.64,600.64,240.0,3.0,600.64
SPY,2025-06-16 12:35:00+00:00,600.97,600.97,600.97,600.97,100.0,1.0,600.97
SPY,2025-06-16 13:01:00+00:00,600.82,600.82,600.82,600.82,100.0,1.0,600.82
SPY,2025-06-16 13:30:00+00:00,600.43,600.91,600.24,600.9,8650.0,128.0,600.567443
SPY,2025-06-16 13:31:00+00:00,600.95,601.26,600.95,601.14,7794.0,93.0,601.180151
SPY,2025-06-16 13:32:00+00:00,601.14,601.41,601.14,601.21,9322.0,93.0,601.233956
SPY,2025-06-16 13:33:00+00:00,601.24,601.45,601.22,601.45,5859.0,71.0,601.340164
SPY,2025-06-16 13:34:00+00:00,601.47,601.53,601.39,601.525,6326.0,66.0,601.460953
SPY,2025-06-16 13:35:00+00:00,601.53,601.53,601.235,601.385,6347.0,62.0,601.382621
SPY,2025-06-16 13:36:00+00:00,601.39,601.39,601.13,601.33,6688.0,49.0,601.252619
SPY,2025-06-16 13:37:00+00:00,601.34,601.57,601.34,601.42,5623.0,53.0,601.47435
SPY,2025-06-16 13:38:00+00:00,601.48,601.58,601.43,601.51,2592.0,39.0,601.482151
SPY,2025-06-16 13:39:00+00:00,601.51,601.64,601.32,601.61,2324.0,45.0,601.52367
SPY,2025-06-16 13:40:00+00:00,601.51,601.56,601.44,601.48,3541.0,54.0,601.499349
SPY,2025-06-16 13:41:00+00:00,601.55,601.67,601.43,601.54,3453.0,51.0,601.540517
SPY,2025-06-16 13:42:00+00:00,601.53,601.54,601.395,601.395,2191.0,43.0,601.461713
SPY,2025-06-16 13:43:00+00:00,601.33,601.455,601.32,601.45,2665.0,62.0,601.389843
SPY,2025-06-16 13:44:00+00:00,601.52,601.63,601.32,601.32,3138.0,42.0,601.491692
SPY,2025-06-16 13:45:00+00:00,601.5,601.79,601.48,601.75,5508.0,87.0,601.706905
SPY,2025-06-16 13:46:00+00:00,601.76,601.815,601.61,601.61,1881.0,36.0,601.729846
SPY,2025-06-16 13:47:00+00:00,601.63,601.63,601.29,601.29,2938.0,49.0,601.399167
SPY,2025-06-16 13:48:00+00:00,601.33,601.56,601.33,601.53,1161.0,28.0,601.478889
SPY,2025-06-16 13:49:00+00:00,601.565,602.33,601.565,602.14,10699.0,111.0,602.061562
SPY,2025-06-16 13:50:00+00:00,602.14,602.175,602.03,602.08,16077.0,101.0,602.106581
SPY,2025-06-16 13:51:00+00:00,602.13,602.13,601.92,601.94,1274.0,35.0,602.001429
SPY,2025-06-16 13:52:00+00:00,601.94,602.37,601.94,602.34,7140.0,56.0,602.089478
SPY,2025-06-16 13:53:00+00:00,602.355,602.89,602.275,602.865,7762.0,122.0,602.66487
SPY,2025-06-16 13:54:00+00:00,602.96,603.15,602.66,602.78,14246.0,147.0,602.832846
SPY,2025-06-16 13:55:00+00:00,602.79,603.19,602.67,603.15,3596.0,62.0,602.943392
SPY,2025-06-16 13:56:00+00:00,603.2,603.39,603.15,603.315,9310.0,114.0,603.282052
SPY,2025-06-16 13:57:00+00:00,603.3,603.37,603.13,603.145,7810.0,119.0,603.268912
SPY,2025-06-16 13:58:00+00:00,603.21,603.225,602.825,602.86,5766.0,71.0,602.989354
SPY,2025-06-16 13:59:00+00:00,602.995,603.06,602.98,603.02,2708.0,45.0,603.007994
SPY,2025-06-16 14:00:00+00:00,603.06,603.6,603.05,603.295,4967.0,62.0,603.389252
SPY,2025-06-16 14:01:00+00:00,603.365,603.48,603.365,603.39,5405.0,81.0,603.40982
SPY,2025-06-16 14:02:00+00:00,603.46,603.47,603.35,603.43,4871.0,63.0,603.384738
SPY,2025-06-16 14:03:00+00:00,603.4,603.4,603.27,603.32,6055.0,84.0,603.335639
SPY,2025-06-16 14:04:00+00:00,603.32,603.38,603.3,603.38,2412.0,44.0,603.340517
SPY,2025-06-16 14:05:00+00:00,603.48,603.6,603.44,603.465,3459.0,36.0,603.494278
SPY,2025-06-16 14:06:00+00:00,603.6,603.6,603.11,603.21,3489.0,38.0,603.378624
SPY,2025-06-16 14:07:00+00:00,603.35,603.405,603.33,603.35,3149.0,29.0,603.366852
SPY,2025-06-16 14:08:00+00:00,603.265,603.265,602.99,603.05,5166.0,65.0,603.194916
SPY,2025-06-16 14:09:00+00:00,603.09,603.18,603.0,603.01,3005.0,40.0,603.085587
SPY,2025-06-16 14:10:00+00:00,603.04,603.18,603.04,603.13,6260.0,37.0,603.137273
SPY,2025-06-16 14:11:00+00:00,603.16,603.265,603.04,603.265,1941.0,28.0,603.149456
SPY,2025-06-16 14:12:00+00:00,603.29,603.61,603.29,603.6,3310.0,32.0,603.487188
SPY,2025-06-16 14:13:00+00:00,603.59,603.66,603.45,603.55,2326.0,23.0,603.555517
SPY,2025-06-16 14:14:00+00:00,603.61,603.69,603.6,603.68,4169.0,30.0,603.649055
SPY,2025-06-16 14:15:00+00:00,603.555,603.66,603.51,603.605,5236.0,56.0,603.619232
SPY,2025-06-16 14:16:00+00:00,603.6,603.615,603.505,603.52,5305.0,47.0,603.557454
SPY,2025-06-16 14:17:00+00:00,603.605,603.7,603.605,603.625,2443.0,23.0,603.641012
SPY,2025-06-16 14:18:00+00:00,603.75,604.0,603.72,604.0,4253.0,62.0,603.76813
SPY,2025-06-16 14:19:00+00:00,603.96,603.99,603.89,603.96,3054.0,37.0,603.956604
SPY,2025-06-16 14:20:00+00:00,603.94,603.995,603.92,603.93,3226.0,37.0,603.968413
SPY,2025-06-16 14:21:00+00:00,603.945,604.01,603.945,604.01,2075.0,25.0,603.989308
SPY,2025-06-16 14:22:00+00:00,604.07,604.08,603.92,603.92,2661.0,30.0,604.033313
SPY,2025-06-16 14:23:00+00:00,603.93,603.93,603.79,603.81,5459.0,45.0,603.842571
SPY,2025-06-16 14:24:00+00:00,603.93,604.05,603.93,603.96,2334.0,33.0,603.998889
SPY,2025-06-16 14:25:00+00:00,603.99,603.99,603.81,603.89,2608.0,30.0,603.883902
SPY,2025-06-16 14:26:00+00:00,603.85,603.98,603.8,603.98,1824.0,30.0,603.895938
SPY,2025-06-16 14:27:00+00:00,603.97,604.0,603.88,603.955,2630.0,31.0,603.93242
SPY,2025-06-16 14:28:00+00:00,604.035,604.15,604.035,604.13,4930.0,41.0,604.10137
SPY,2025-06-16 14:29:00+00:00,604.13,604.155,604.02,604.02,4492.0,36.0,604.123875
SPY,2025-06-16 14:30:00+00:00,604.08,604.19,604.08,604.14,2302.0,32.0,604.135272
SPY,2025-06-16 14:31:00+00:00,604.15,604.15,604.1,604.11,1424.0,15.0,604.115085
SPY,2025-06-16 14:32:00+00:00,604.11,604.34,604.11,604.29,2942.0,35.0,604.256429
SPY,2025-06-16 14:33:00+00:00,604.33,604.45,604.25,604.26,3984.0,38.0,604.316486
SPY,2025-06-16 14:34:00+00:00,604.28,604.375,604.26,604.27,3115.0,39.0,604.319022
SPY,2025-06-16 14:35:00+00:00,604.345,604.36,604.19,604.275,2752.0,34.0,604.289849
SPY,2025-06-16 14:36:00+00:00,604.315,604.38,603.96,603.96,11027.0,80.0,604.109969
SPY,2025-06-16 14:37:00+00:00,604.21,604.21,603.85,603.905,3968.0,46.0,603.949175
SPY,2025-06-16 14:38:00+00:00,603.95,603.98,603.82,603.84,699.0,12.0,603.903333
SPY,2025-06-16 14:39:00+00:00,603.92,604.0,603.92,604.0,1296.0,23.0,603.972528
SPY,2025-06-16 14:40:00+00:00,604.01,604.02,603.78,603.78,2328.0,32.0,603.876389
SPY,2025-06-16 14:41:00+00:00,603.81,603.84,603.72,603.8,1646.0,18.0,603.8
SPY,2025-06-16 14:42:00+00:00,603.77,603.9,603.76,603.89,6398.0,56.0,603.817651
SPY,2025-06-16 14:43:00+00:00,603.86,604.12,603.86,604.09,4904.0,49.0,604.001263
SPY,2025-06-16 14:44:00+00:00,604.125,604.24,604.125,604.2,3996.0,48.0,604.198444
SPY,2025-06-16 14:45:00+00:00,604.165,604.26,604.13,604.22,3229.0,35.0,604.186803
SPY,2025-06-16 14:46:00+00:00,604.26,604.32,604.21,604.22,4824.0,46.0,604.267201
SPY,2025-06-16 14:47:00+00:00,604.22,604.22,604.06,604.135,4093.0,43.0,604.137778
SPY,2025-06-16 14:48:00+00:00,604.125,604.13,603.98,603.98,6770.0,40.0,604.082835
SPY,2025-06-16 14:49:00+00:00,604.01,604.04,603.89,603.93,6716.0,46.0,604.006827
SPY,2025-06-16 14:50:00+00:00,603.93,603.97,603.87,603.875,5530.0,64.0,603.915751
SPY,2025-06-16 14:51:00+00:00,603.845,604.005,603.815,603.955,2360.0,26.0,603.923109
SPY,2025-06-16 14:52:00+00:00,603.985,604.005,603.885,604.005,2537.0,30.0,603.914343
SPY,2025-06-16 14:53:00+00:00,604.015,604.11,604.015,604.06,1669.0,24.0,604.068831
SPY,2025-06-16 14:54:00+00:00,604.06,604.06,603.86,603.86,2372.0,36.0,603.946667
SPY,2025-06-16 14:55:00+00:00,603.95,603.95,603.84,603.94,1391.0,22.0,603.9
SPY,2025-06-16 14:56:00+00:00,603.855,603.855,603.79,603.79,377.0,13.0,603.831667
SPY,2025-06-16 14:57:00+00:00,603.905,603.91,603.835,603.855,2417.0,26.0,603.89154
SPY,2025-06-16 14:58:00+00:00,603.82,603.82,603.71,603.78,1567.0,26.0,603.764091
SPY,2025-06-16 14:59:00+00:00,603.745,603.92,603.74,603.92,1046.0,21.0,603.816429
SPY,2025-06-16 15:00:00+00:00,603.93,603.965,603.83,603.955,1524.0,27.0,603.909919
SPY,2025-06-16 15:01:00+00:00,603.865,604.08,603.865,604.04,3758.0,33.0,603.974188
SPY,2025-06-16 15:02:00+00:00,604.015,604.07,603.92,604.05,5637.0,40.0,603.97821
SPY,2025-06-16 15:03:00+00:00,604.025,604.025,603.61,603.61,1158.0,22.0,603.836111
SPY,2025-06-16 15:04:00+00:00,603.58,603.76,603.58,603.76,3822.0,46.0,603.713194
SPY,2025-06-16 15:05:00+00:00,603.76,603.79,603.5,603.54,3842.0,42.0,603.679875
SPY,2025-06-16 15:06:00+00:00,603.555,603.72,603.555,603.68,1802.0,25.0,603.618177
SPY,2025-06-16 15:07:00+00:00,603.57,603.62,603.56,603.56,1711.0,24.0,603.586333
SPY,2025-06-16 15:08:00+00:00,603.48,603.51,603.48,603.51,931.0,9.0,603.498571
SPY,2025-06-16 15:09:00+00:00,603.53,603.55,603.49,603.49,890.0,14.0,603.525848
SPY,2025-06-16 15:10:00+00:00,603.53,603.73,603.52,603.73,3435.0,40.0,603.631885
SPY,2025-06-16 15:11:00+00:00,603.72,603.72,603.565,603.585,4979.0,62.0,603.636825
SPY,2025-06-16 15:12:00+00:00,603.57,603.615,603.51,603.61,8737.0,71.0,603.554969
SPY,2025-06-16 15:13:00+00:00,603.62,603.665,603.555,603.63,9138.0,81.0,603.597738
SPY,2025-06-16 15:14:00+00:00,603.58,603.68,603.51,603.68,5601.0,72.0,603.573376
SPY,2025-06-16 15:15:00+00:00,603.7,603.91,603.7,603.77,4831.0,63.0,603.813424
SPY,2025-06-16 15:16:00+00:00,603.77,603.77,603.6,603.7,4987.0,57.0,603.693551
SPY,2025-06-16 15:17:00+00:00,603.68,603.85,603.65,603.85,4676.0,59.0,603.752197
SPY,2025-06-16 15:18:00+00:00,603.85,604.04,603.84,603.96,5487.0,66.0,603.954231
SPY,2025-06-16 15:19:00+00:00,603.95,603.95,603.87,603.87,1713.0,25.0,603.916163
SPY,2025-06-16 15:20:00+00:00,603.86,603.86,603.755,603.755,1575.0,21.0,603.831978
SPY,2025-06-16 15:21:00+00:00,603.86,604.02,603.86,604.015,1493.0,26.0,603.943077
SPY,2025-06-16 15:22:00+00:00,604.075,604.075,603.91,603.94,2401.0,29.0,603.971426
SPY,2025-06-16 15:23:00+00:00,603.925,603.925,603.82,603.83,1672.0,21.0,603.870483
SPY,2025-06-16 15:24:00+00:00,603.92,604.0,603.92,604.0,2912.0,36.0,603.967791
SPY,2025-06-16 15:25:00+00:00,603.99,604.05,603.8,603.81,5088.0,57.0,603.913505
SPY,2025-06-16 15:26:00+00:00,603.82,603.82,603.44,603.48,4616.0,61.0,603.571387
SPY,2025-06-16 15:27:00+00:00,603.43,603.51,603.27,603.35,3780.0,42.0,603.394416
SPY,2025-06-16 15:28:00+00:00,603.34,603.46,603.32,603.46,2215.0,27.0,603.398947
SPY,2025-06-16 15:29:00+00:00,603.43,603.43,603.31,603.31,1506.0,23.0,603.346923
SPY,2025-06-16 15:30:00+00:00,603.44,603.51,603.345,603.51,1594.0,20.0,603.405
SPY,2025-06-16 15:31:00+00:00,603.58,603.58,603.4,603.52,1493.0,32.0,603.4575
SPY,2025-06-16 15:32:00+00:00,603.425,603.425,603.325,603.35,3060.0,31.0,603.365717
SPY,2025-06-16 15:33:00+00:00,603.37,603.425,603.31,603.41,3202.0,29.0,603.399948
SPY,2025-06-16 15:34:00+00:00,603.395,603.46,603.395,603.445,3409.0,24.0,603.439853
SPY,2025-06-16 15:35:00+00:00,603.45,603.45,603.25,603.31,1915.0,32.0,603.35358
SPY,2025-06-16 15:36:00+00:00,603.295,603.54,603.295,603.54,2026.0,25.0,603.429111
SPY,2025-06-16 15:37:00+00:00,603.56,603.68,603.4,603.54,2780.0,47.0,603.610227
SPY,2025-06-16 15:38:00+00:00,603.65,603.68,603.43,603.61,3370.0,49.0,603.53807
SPY,2025-06-16 15:39:00+00:00,603.59,603.59,603.47,603.51,1358.0,26.0,603.5275
SPY,2025-06-16 15:40:00+00:00,603.505,603.63,603.505,603.58,3371.0,29.0,603.521493
SPY,2025-06-16 15:41:00+00:00,603.6,603.615,603.54,603.61,2468.0,35.0,603.585
SPY,2025-06-16 15:42:00+00:00,603.505,603.565,603.49,603.535,1784.0,21.0,603.541615
SPY,2025-06-16 15:43:00+00:00,603.645,603.685,603.64,603.685,784.0,17.0,603.653333
SPY,2025-06-16 15:44:00+00:00,603.6,603.6,603.51,603.525,1849.0,26.0,603.550313
SPY,2025-06-16 15:45:00+00:00,603.53,603.61,603.5,603.555,2417.0,30.0,603.537009
SPY,2025-06-16 15:46:00+00:00,603.575,603.82,603.575,603.82,1899.0,28.0,603.680639
SPY,2025-06-16 15:47:00+00:00,603.78,603.8,603.75,603.8,318.0,10.0,603.776667
SPY,2025-06-16 15:48:00+00:00,603.78,603.78,603.73,603.735,725.0,13.0,603.750833
SPY,2025-06-16 15:49:00+00:00,603.67,603.71,603.64,603.64,970.0,13.0,603.69625
SPY,2025-06-16 15:50:00+00:00,603.62,603.68,603.58,603.64,987.0,14.0,603.631614
SPY,2025-06-16 15:51:00+00:00,603.65,603.65,603.5,603.5,5203.0,53.0,603.53516
SPY,2025-06-16 15:52:00+00:00,603.475,603.49,603.3,603.36,6567.0,48.0,603.398842
SPY,2025-06-16 15:53:00+00:00,603.38,603.38,603.28,603.32,5429.0,53.0,603.318351
SPY,2025-06-16 15:54:00+00:00,603.32,603.37,603.2,603.23,2146.0,26.0,603.275324
SPY,2025-06-16 15:55:00+00:00,603.24,603.29,603.23,603.26,2010.0,30.0,603.263529
SPY,2025-06-16 15:56:00+00:00,603.265,603.265,602.81,603.03,6691.0,97.0,602.999718
SPY,2025-06-16 15:57:00+00:00,602.97,603.14,602.94,603.08,3181.0,42.0,603.036905
SPY,2025-06-16 15:58:00+00:00,603.05,603.17,603.05,603.14,1307.0,23.0,603.13875
SPY,2025-06-16 15:59:00+00:00,603.16,603.285,603.13,603.13,3330.0,32.0,603.213801
SPY,2025-06-16 16:00:00+00:00,603.14,603.29,603.14,603.23,2262.0,36.0,603.234118
SPY,2025-06-16 16:01:00+00:00,603.305,603.305,603.04,603.04,843.0,15.0,603.156429
SPY,2025-06-16 16:02:00+00:00,603.01,603.025,602.98,602.985,1152.0,19.0,602.99875
SPY,2025-06-16 16:03:00+00:00,602.98,602.98,602.88,602.9,2617.0,36.0,602.933943
SPY,2025-06-16 16:04:00+00:00,602.9,603.005,602.86,603.005,984.0,23.0,602.932143
SPY,2025-06-16 16:05:00+00:00,603.06,603.06,602.89,602.89,985.0,20.0,603.010094
SPY,2025-06-16 16:06:00+00:00,602.925,603.03,602.925,603.02,1420.0,16.0,602.980769
SPY,2025-06-16 16:07:00+00:00,602.985,603.07,602.87,603.07,1048.0,18.0,602.96
SPY,2025-06-16 16:08:00+00:00,603.125,603.135,603.095,603.095,597.0,14.0,603.122658
SPY,2025-06-16 16:10:00+00:00,603.08,603.09,603.08,603.08,418.0,8.0,603.083215
SPY,2025-06-16 16:11:00+00:00,603.11,603.16,603.11,603.15,1662.0,18.0,603.146071
SPY,2025-06-16 16:12:00+00:00,603.25,603.25,603.25,603.25,258.0,11.0,603.25
SPY,2025-06-16 16:13:00+00:00,603.29,603.39,603.29,603.39,2295.0,29.0,603.345999
SPY,2025-06-16 16:14:00+00:00,603.305,603.31,603.29,603.29,558.0,13.0,603.301701
SPY,2025-06-16 16:15:00+00:00,603.17,603.325,603.165,603.325,863.0,19.0,603.226667
SPY,2025-06-16 16:17:00+00:00,603.38,603.565,603.38,603.53,1263.0,31.0,603.487143
SPY,2025-06-16 16:18:00+00:00,603.56,603.58,603.555,603.555,407.0,15.0,603.565
SPY,2025-06-16 16:19:00+00:00,603.49,603.5,603.47,603.47,960.0,16.0,603.491667
SPY,2025-06-16 16:20:00+00:00,603.38,603.505,603.38,603.5,778.0,16.0,603.483824
SPY,2025-06-16 16:21:00+00:00,603.51,603.58,603.5,603.58,1746.0,23.0,603.539333
SPY,2025-06-16 16:22:00+00:00,603.59,603.66,603.59,603.64,795.0,17.0,603.638
SPY,2025-06-16 16:23:00+00:00,603.51,603.58,603.4,603.4,2500.0,35.0,603.500526
SPY,2025-06-16 16:24:00+00:00,603.4,603.405,603.22,603.315,2546.0,35.0,603.303757
SPY,2025-06-16 16:25:00+00:00,603.31,603.31,603.14,603.15,1010.0,17.0,603.234393
SPY,2025-06-16 16:26:00+00:00,603.12,603.12,602.99,602.99,442.0,10.0,603.045
SPY,2025-06-16 16:27:00+00:00,603.025,603.095,602.97,602.985,6823.0,41.0,603.004877
SPY,2025-06-16 16:28:00+00:00,602.99,603.17,602.905,603.13,10090.0,81.0,603.050073
SPY,2025-06-16 16:29:00+00:00,603.16,603.16,603.04,603.04,766.0,20.0,603.097
SPY,2025-06-16 16:30:00+00:00,603.09,603.09,603.03,603.07,1297.0,24.0,603.057545
SPY,2025-06-16 16:31:00+00:00,603.015,603.1,603.015,603.1,643.0,10.0,603.05
SPY,2025-06-16 16:32:00+00:00,603.035,603.19,603.035,603.13,1212.0,14.0,603.080909
SPY,2025-06-16 16:33:00+00:00,603.19,603.2,603.1,603.1,1615.0,16.0,603.13426
SPY,2025-06-16 16:34:00+00:00,603.1,603.11,603.0,603.0,1822.0,22.0,603.083889
SPY,2025-06-16 16:35:00+00:00,602.94,602.98,602.86,602.86,2306.0,30.0,602.934222
SPY,2025-06-16 16:36:00+00:00,602.85,603.02,602.81,603.02,2610.0,32.0,602.888412
SPY,2025-06-16 16:37:00+00:00,603.05,603.18,603.02,603.02,1136.0,24.0,603.09
SPY,2025-06-16 16:38:00+00:00,603.05,603.05,602.92,603.05,4140.0,49.0,603.002426
SPY,2025-06-16 16:39:00+00:00,603.04,603.06,602.95,602.98,3444.0,37.0,603.000629
SPY,2025-06-16 16:40:00+00:00,602.94,602.95,602.85,602.85,2913.0,35.0,602.903616
SPY,2025-06-16 16:41:00+00:00,602.87,602.99,602.805,602.84,2268.0,23.0,602.903538
SPY,2025-06-16 16:42:00+00:00,602.835,602.835,602.69,602.82,1231.0,21.0,602.770455
SPY,2025-06-16 16:43:00+00:00,602.81,602.86,602.64,602.71,1138.0,23.0,602.730219
SPY,2025-06-16 16:44:00+00:00,602.72,602.72,602.58,602.59,2906.0,45.0,602.631429
SPY,2025-06-16 16:45:00+00:00,602.56,602.63,602.52,602.59,1385.0,19.0,602.584615
SPY,2025-06-16 16:46:00+00:00,602.59,602.79,602.56,602.79,1675.0,26.0,602.693214
SPY,2025-06-16 16:47:00+00:00,602.775,602.88,602.77,602.875,2709.0,28.0,602.811291
SPY,2025-06-16 16:48:00+00:00,602.835,602.85,602.7,602.805,2439.0,15.0,602.800009
SPY,2025-06-16 16:49:00+00:00,602.73,602.73,602.695,602.71,3493.0,19.0,602.713824
SPY,2025-06-16 16:50:00+00:00,602.69,602.795,602.675,602.795,1587.0,17.0,602.726
SPY,2025-06-16 16:51:00+00:00,602.76,602.9,602.76,602.9,1364.0,23.0,602.83875
SPY,2025-06-16 16:52:00+00:00,602.9,603.05,602.9,603.05,2598.0,34.0,602.985652
SPY,2025-06-16 16:53:00+00:00,603.03,603.18,603.03,603.18,1612.0,20.0,603.152308
SPY,2025-06-16 16:54:00+00:00,603.09,603.1,602.99,603.02,1399.0,17.0,603.058636
SPY,2025-06-16 16:55:00+00:00,603.045,603.06,602.95,602.965,2216.0,18.0,603.004545
SPY,2025-06-16 16:56:00+00:00,602.99,602.99,602.89,602.95,1494.0,22.0,602.939231
SPY,2025-06-16 16:57:00+00:00,602.79,602.79,602.79,602.79,295.0,13.0,602.79
SPY,2025-06-16 16:58:00+00:00,602.86,602.86,602.7,602.71,1916.0,28.0,602.792152
SPY,2025-06-16 16:59:00+00:00,602.61,602.745,602.61,602.745,1825.0,32.0,602.677931
SPY,2025-06-16 17:00:00+00:00,602.725,602.765,602.69,602.765,751.0,14.0,602.734
SPY,2025-06-16 17:01:00+00:00,602.7,602.7,602.7,602.7,253.0,14.0,602.7
SPY,2025-06-16 17:02:00+00:00,602.72,602.72,602.72,602.72,374.0,13.0,602.72
SPY,2025-06-16 17:03:00+00:00,602.64,602.66,602.64,602.645,2154.0,17.0,602.64725
SPY,2025-06-16 17:04:00+00:00,602.655,602.68,602.63,602.68,2214.0,21.0,602.649995
SPY,2025-06-16 17:05:00+00:00,602.67,602.67,602.535,602.535,728.0,12.0,602.644167
SPY,2025-06-16 17:06:00+00:00,602.47,602.48,602.44,602.48,1537.0,19.0,602.460526
SPY,2025-06-16 17:07:00+00:00,602.55,602.63,602.53,602.63,957.0,15.0,602.561875
SPY,2025-06-16 17:08:00+00:00,602.555,602.635,602.49,602.635,2283.0,33.0,602.585224
SPY,2025-06-16 17:09:00+00:00,602.665,602.715,602.665,602.71,729.0,26.0,602.687947
SPY,2025-06-16 17:10:00+00:00,602.695,602.735,602.695,602.71,953.0,19.0,602.721
SPY,2025-06-16 17:11:00+00:00,602.77,602.81,602.6,602.6,1215.0,25.0,602.704545
SPY,2025-06-16 17:12:00+00:00,602.48,602.48,602.36,602.36,835.0,24.0,602.428333
SPY,2025-06-16 17:13:00+00:00,602.5,602.56,602.5,602.56,1685.0,29.0,602.533462
SPY,2025-06-16 17:14:00+00:00,602.52,602.545,602.43,602.43,1723.0,21.0,602.488614
SPY,2025-06-16 17:15:00+00:00,602.455,602.455,602.36,602.39,2991.0,34.0,602.381943
SPY,2025-06-16 17:16:00+00:00,602.38,602.55,602.37,602.55,1669.0,26.0,602.415306
SPY,2025-06-16 17:17:00+00:00,602.54,602.54,602.53,602.54,1030.0,21.0,602.538812
SPY,2025-06-16 17:18:00+00:00,602.47,602.64,602.47,602.64,1584.0,28.0,602.541019
SPY,2025-06-16 17:19:00+00:00,602.65,602.73,602.65,602.72,2649.0,25.0,602.709334
SPY,2025-06-16 17:20:00+00:00,602.775,602.895,602.76,602.83,1880.0,23.0,602.835
SPY,2025-06-16 17:21:00+00:00,602.76,602.77,602.74,602.74,1478.0,27.0,602.755417
SPY,2025-06-16 17:22:00+00:00,602.72,602.76,602.7,602.705,1870.0,27.0,602.721186
SPY,2025-06-16 17:23:00+00:00,602.7,602.785,602.7,602.785,1300.0,23.0,602.744554
SPY,2025-06-16 17:24:00+00:00,602.785,602.9,602.785,602.835,1972.0,29.0,602.835
SPY,2025-06-16 17:25:00+00:00,602.835,603.09,602.83,603.08,2831.0,36.0,603.00026
SPY,2025-06-16 17:26:00+00:00,603.1,603.135,603.06,603.09,2331.0,29.0,603.10083
SPY,2025-06-16 17:27:00+00:00,603.06,603.14,602.96,603.14,4938.0,52.0,603.023857
SPY,2025-06-16 17:28:00+00:00,603.13,603.55,603.13,603.47,5694.0,90.0,603.395373
SPY,2025-06-16 17:29:00+00:00,603.46,603.47,603.37,603.38,4738.0,52.0,603.417073
SPY,2025-06-16 17:30:00+00:00,603.4,603.7,603.4,603.67,6097.0,71.0,603.544158
SPY,2025-06-16 17:31:00+00:00,603.68,603.68,603.35,603.435,3458.0,42.0,603.469032
SPY,2025-06-16 17:32:00+00:00,603.57,603.57,603.4,603.45,1579.0,21.0,603.44747
SPY,2025-06-16 17:33:00+00:00,603.475,603.535,603.315,603.315,2352.0,31.0,603.463492
SPY,2025-06-16 17:34:00+00:00,603.315,603.42,603.315,603.415,1029.0,19.0,603.349286
SPY,2025-06-16 17:35:00+00:00,603.49,603.525,603.21,603.28,5094.0,42.0,603.387105
SPY,2025-06-16 17:36:00+00:00,603.275,603.425,603.275,603.345,2909.0,30.0,603.364083
SPY,2025-06-16 17:37:00+00:00,603.27,603.27,603.27,603.27,107.0,7.0,603.27
SPY,2025-06-16 17:38:00+00:00,603.18,603.29,603.18,603.23,1409.0,17.0,603.264151
SPY,2025-06-16 17:39:00+00:00,603.26,603.26,603.15,603.15,966.0,23.0,603.176441
SPY,2025-06-16 17:40:00+00:00,603.08,603.22,603.08,603.22,921.0,18.0,603.12
SPY,2025-06-16 17:41:00+00:00,603.33,603.34,603.3,603.325,1721.0,21.0,603.323088
SPY,2025-06-16 17:42:00+00:00,603.255,603.255,603.255,603.255,263.0,14.0,603.255
SPY,2025-06-16 17:43:00+00:00,603.21,603.26,603.16,603.16,1485.0,26.0,603.212083
SPY,2025-06-16 17:44:00+00:00,603.19,603.19,603.11,603.13,523.0,14.0,603.141153
SPY,2025-06-16 17:45:00+00:00,603.235,603.235,603.155,603.155,575.0,16.0,603.18875
SPY,2025-06-16 17:46:00+00:00,602.96,603.01,602.96,603.0,635.0,13.0,602.988333
SPY,2025-06-16 17:47:00+00:00,602.96,603.02,602.95,603.02,522.0,9.0,602.98
SPY,2025-06-16 17:48:00+00:00,603.015,603.015,603.015,603.015,272.0,11.0,603.015
SPY,2025-06-16 17:49:00+00:00,603.07,603.11,603.05,603.05,1363.0,23.0,603.077065
SPY,2025-06-16 17:50:00+00:00,603.01,603.03,603.01,603.02,459.0,12.0,603.017229
SPY,2025-06-16 17:51:00+00:00,603.01,603.11,603.01,603.11,619.0,21.0,603.045
SPY,2025-06-16 17:52:00+00:00,603.1,603.1,602.82,602.82,6560.0,51.0,602.890941
SPY,2025-06-16 17:53:00+00:00,602.83,602.895,602.83,602.87,699.0,9.0,602.858964
SPY,2025-06-16 17:54:00+00:00,602.82,602.82,602.62,602.62,765.0,18.0,602.728
SPY,2025-06-16 17:55:00+00:00,602.55,602.55,602.45,602.53,2124.0,31.0,602.516357
SPY,2025-06-16 17:56:00+00:00,602.59,602.605,602.52,602.52,6696.0,39.0,602.558409
SPY,2025-06-16 17:57:00+00:00,602.51,602.515,602.325,602.33,8748.0,75.0,602.421231
SPY,2025-06-16 17:58:00+00:00,602.27,602.38,602.195,602.21,11558.0,114.0,602.283252
SPY,2025-06-16 17:59:00+00:00,602.175,602.33,602.14,602.3,7928.0,74.0,602.228129
SPY,2025-06-16 18:00:00+00:00,602.36,602.39,602.3,602.36,1892.0,29.0,602.354543
SPY,2025-06-16 18:01:00+00:00,602.385,602.55,602.385,602.525,1375.0,22.0,602.447273
SPY,2025-06-16 18:02:00+00:00,602.51,602.545,602.47,602.47,5022.0,31.0,602.51991
SPY,2025-06-16 18:03:00+00:00,602.525,602.63,602.52,602.63,2496.0,24.0,602.558541
SPY,2025-06-16 18:04:00+00:00,602.63,602.66,602.63,602.66,680.0,13.0,602.641818
SPY,2025-06-16 18:05:00+00:00,602.71,602.73,602.69,602.73,941.0,22.0,602.708571
SPY,2025-06-16 18:06:00+00:00,602.76,602.87,602.76,602.83,1071.0,21.0,602.834286
SPY,2025-06-16 18:07:00+00:00,602.725,602.725,602.6,602.6,1221.0,25.0,602.672337
SPY,2025-06-16 18:08:00+00:00,602.59,602.6,602.57,602.6,454.0,12.0,602.58875
SPY,2025-06-16 18:09:00+00:00,602.52,602.55,602.52,602.53,725.0,11.0,602.526667
SPY,2025-06-16 18:10:00+00:00,602.52,602.57,602.52,602.52,2025.0,37.0,602.549231
SPY,2025-06-16 18:11:00+00:00,602.56,602.56,602.4,602.41,3369.0,28.0,602.476099
SPY,2025-06-16 18:12:00+00:00,602.41,602.52,602.405,602.48,5201.0,30.0,602.428627
SPY,2025-06-16 18:13:00+00:00,602.485,602.51,602.485,602.51,414.0,11.0,602.493333
SPY,2025-06-16 18:14:00+00:00,602.59,602.64,602.59,602.64,883.0,19.0,602.61
SPY,2025-06-16 18:15:00+00:00,602.62,602.66,602.52,602.56,1296.0,23.0,602.572638
SPY,2025-06-16 18:16:00+00:00,602.615,602.64,602.58,602.58,1471.0,22.0,602.597917
SPY,2025-06-16 18:17:00+00:00,602.51,602.53,602.51,602.52,702.0,12.0,602.52
SPY,2025-06-16 18:18:00+00:00,602.505,602.58,602.5,602.5,1589.0,23.0,602.543566
SPY,2025-06-16 18:19:00+00:00,602.37,602.48,602.37,602.45,2188.0,29.0,602.410155
SPY,2025-06-16 18:20:00+00:00,602.47,602.48,602.3,602.3,2042.0,27.0,602.436951
SPY,2025-06-16 18:21:00+00:00,602.27,602.35,602.27,602.35,485.0,9.0,602.3225
SPY,2025-06-16 18:22:00+00:00,602.36,602.48,602.36,602.48,648.0,12.0,602.419816
SPY,2025-06-16 18:23:00+00:00,602.45,602.54,602.45,602.54,539.0,17.0,602.493333
SPY,2025-06-16 18:24:00+00:00,602.62,602.72,602.62,602.72,1409.0,21.0,602.642727
SPY,2025-06-16 18:25:00+00:00,602.73,602.73,602.63,602.63,1285.0,17.0,602.693
SPY,2025-06-16 18:26:00+00:00,602.54,602.63,602.54,602.62,2022.0,24.0,602.600222
SPY,2025-06-16 18:27:00+00:00,602.665,602.665,602.59,602.615,351.0,12.0,602.623333
SPY,2025-06-16 18:28:00+00:00,602.64,602.695,602.64,602.65,1458.0,20.0,602.662955
SPY,2025-06-16 18:29:00+00:00,602.645,602.645,602.53,602.53,623.0,13.0,602.587
SPY,2025-06-16 18:30:00+00:00,602.52,602.52,602.45,602.48,1314.0,25.0,602.478889
SPY,2025-06-16 18:31:00+00:00,602.48,602.48,602.36,602.36,1275.0,24.0,602.414698
SPY,2025-06-16 18:32:00+00:00,602.33,602.4,602.31,602.4,869.0,17.0,602.345798
SPY,2025-06-16 18:33:00+00:00,602.4,602.49,602.4,602.44,1859.0,29.0,602.443114
SPY,2025-06-16 18:34:00+00:00,602.415,602.42,602.395,602.42,837.0,14.0,602.415
SPY,2025-06-16 18:35:00+00:00,602.36,602.36,602.19,602.19,1305.0,25.0,602.261596
SPY,2025-06-16 18:36:00+00:00,602.21,602.28,602.21,602.28,1019.0,21.0,602.24
SPY,2025-06-16 18:37:00+00:00,602.275,602.3,602.2,602.28,3413.0,29.0,602.260163
SPY,2025-06-16 18:38:00+00:00,602.27,602.38,602.26,602.27,3924.0,51.0,602.324384
SPY,2025-06-16 18:39:00+00:00,602.26,602.3,602.26,602.3,2014.0,29.0,602.278284
SPY,2025-06-16 18:40:00+00:00,602.27,602.35,602.23,602.31,1982.0,22.0,602.281718
SPY,2025-06-16 18:41:00+00:00,602.34,602.37,602.33,602.36,1779.0,18.0,602.357006
SPY,2025-06-16 18:42:00+00:00,602.3,602.39,602.28,602.28,1095.0,18.0,602.33
SPY,2025-06-16 18:43:00+00:00,602.34,602.34,602.29,602.29,637.0,7.0,602.330833
SPY,2025-06-16 18:44:00+00:00,602.28,602.33,602.28,602.31,1099.0,15.0,602.309769
SPY,2025-06-16 18:45:00+00:00,602.29,602.29,602.08,602.19,4219.0,55.0,602.148856
SPY,2025-06-16 18:46:00+00:00,602.17,602.2,602.15,602.15,1105.0,21.0,602.17
SPY,2025-06-16 18:47:00+00:00,602.11,602.115,602.08,602.11,4145.0,42.0,602.095647
SPY,2025-06-16 18:48:00+00:00,602.105,602.15,602.07,602.07,767.0,10.0,602.11
SPY,2025-06-16 18:49:00+00:00,602.08,602.1,601.995,601.995,7428.0,52.0,602.062159
SPY,2025-06-16 18:50:00+00:00,601.97,602.1,601.97,601.99,2630.0,36.0,602.038099
SPY,2025-06-16 18:51:00+00:00,601.99,602.07,601.86,602.06,2509.0,35.0,601.992381
SPY,2025-06-16 18:52:00+00:00,602.15,602.215,602.15,602.19,2260.0,34.0,602.188008
SPY,2025-06-16 18:53:00+00:00,602.205,602.375,602.205,602.31,2889.0,45.0,602.339048
SPY,2025-06-16 18:54:00+00:00,602.335,602.43,602.28,602.43,2551.0,39.0,602.353286
SPY,2025-06-16 18:55:00+00:00,602.47,602.58,602.46,602.54,5163.0,55.0,602.528124
SPY,2025-06-16 18:56:00+00:00,602.54,602.68,602.53,602.64,4324.0,55.0,602.619517
SPY,2025-06-16 18:57:00+00:00,602.67,602.71,602.67,602.71,2356.0,37.0,602.703803
SPY,2025-06-16 18:58:00+00:00,602.72,602.75,602.61,602.61,3535.0,48.0,602.678115
SPY,2025-06-16 18:59:00+00:00,602.6,602.6,602.56,602.56,311.0,10.0,602.576667
SPY,2025-06-16 19:00:00+00:00,602.495,602.61,602.49,602.59,2353.0,28.0,602.571453
SPY,2025-06-16 19:01:00+00:00,602.545,602.56,602.38,602.445,3328.0,44.0,602.456716
SPY,2025-06-16 19:02:00+00:00,602.435,602.465,602.375,602.375,988.0,20.0,602.443125
SPY,2025-06-16 19:03:00+00:00,602.29,602.3,602.215,602.22,1847.0,31.0,602.253333
SPY,2025-06-16 19:04:00+00:00,602.19,602.28,602.19,602.25,1319.0,19.0,602.242778
SPY,2025-06-16 19:05:00+00:00,602.24,602.25,602.14,602.17,3511.0,41.0,602.179631
SPY,2025-06-16 19:06:00+00:00,602.17,602.19,602.08,602.12,1803.0,32.0,602.138636
SPY,2025-06-16 19:07:00+00:00,602.11,602.11,602.07,602.07,1839.0,16.0,602.097013
SPY,2025-06-16 19:08:00+00:00,602.09,602.09,601.995,602.01,2966.0,32.0,602.0208
SPY,2025-06-16 19:09:00+00:00,601.91,601.965,601.895,601.935,10797.0,89.0,601.928785
SPY,2025-06-16 19:10:00+00:00,601.895,601.915,601.76,601.82,5446.0,49.0,601.86198
SPY,2025-06-16 19:11:00+00:00,601.78,601.87,601.745,601.865,2868.0,31.0,601.793953
SPY,2025-06-16 19:12:00+00:00,601.85,601.85,601.78,601.83,2912.0,46.0,601.811148
SPY,2025-06-16 19:13:00+00:00,601.85,602.175,601.85,602.175,5135.0,72.0,602.023104
SPY,2025-06-16 19:14:00+00:00,602.18,602.21,601.9,601.94,4843.0,49.0,602.082682
SPY,2025-06-16 19:15:00+00:00,601.95,601.96,601.89,601.94,3219.0,40.0,601.938289
SPY,2025-06-16 19:16:00+00:00,601.93,602.2,601.93,602.16,4849.0,55.0,602.06929
SPY,2025-06-16 19:17:00+00:00,602.16,602.16,601.9,601.925,3230.0,43.0,602.00231
SPY,2025-06-16 19:18:00+00:00,601.91,601.975,601.85,601.855,5178.0,49.0,601.902833
SPY,2025-06-16 19:19:00+00:00,601.85,601.91,601.8,601.805,3254.0,40.0,601.871923
SPY,2025-06-16 19:20:00+00:00,601.73,601.84,601.73,601.78,6722.0,56.0,601.78611
SPY,2025-06-16 19:21:00+00:00,601.73,602.405,601.67,602.23,8178.0,77.0,601.958649
SPY,2025-06-16 19:22:00+00:00,602.26,602.4,602.155,602.3,2081.0,42.0,602.277223
SPY,2025-06-16 19:23:00+00:00,602.35,602.45,602.34,602.42,4816.0,42.0,602.397539
SPY,2025-06-16 19:24:00+00:00,602.385,602.39,602.03,602.16,6228.0,53.0,602.134005
SPY,2025-06-16 19:25:00+00:00,602.09,602.14,602.03,602.13,2228.0,30.0,602.097549
SPY,2025-06-16 19:26:00+00:00,602.16,602.3,602.16,602.28,7102.0,49.0,602.225866
SPY,2025-06-16 19:27:00+00:00,602.215,602.425,602.195,602.22,10965.0,77.0,602.269175
SPY,2025-06-16 19:28:00+00:00,602.195,602.21,602.11,602.12,3209.0,39.0,602.139216
SPY,2025-06-16 19:29:00+00:00,602.1,602.1,602.02,602.07,3778.0,37.0,602.075649
SPY,2025-06-16 19:30:00+00:00,602.07,602.19,602.04,602.105,1891.0,41.0,602.11352
SPY,2025-06-16 19:31:00+00:00,602.03,602.09,601.97,602.02,2667.0,30.0,602.039319
SPY,2025-06-16 19:32:00+00:00,602.0,602.0,601.83,601.9,2649.0,33.0,601.922055
SPY,2025-06-16 19:33:00+00:00,601.83,601.91,601.83,601.9,1722.0,24.0,601.880209
SPY,2025-06-16 19:34:00+00:00,601.81,601.99,601.81,601.93,7504.0,52.0,601.928745
SPY,2025-06-16 19:35:00+00:00,601.95,602.125,601.95,602.05,2906.0,30.0,602.069688
SPY,2025-06-16 19:36:00+00:00,602.0,602.165,602.0,602.14,2982.0,38.0,602.074967
SPY,2025-06-16 19:37:00+00:00,602.14,602.17,602.04,602.04,3016.0,29.0,602.133103
SPY,2025-06-16 19:38:00+00:00,602.09,602.13,602.02,602.13,2799.0,29.0,602.075284
SPY,2025-06-16 19:39:00+00:00,602.13,602.195,602.04,602.05,3564.0,45.0,602.113776
SPY,2025-06-16 19:40:00+00:00,602.05,602.1,602.03,602.1,2103.0,37.0,602.069771
SPY,2025-06-16 19:41:00+00:00,602.095,602.18,602.03,602.18,1768.0,26.0,602.118136
SPY,2025-06-16 19:42:00+00:00,602.2,602.2,602.105,602.11,3174.0,45.0,602.15196
SPY,2025-06-16 19:43:00+00:00,602.08,602.12,602.04,602.12,2322.0,27.0,602.083489
SPY,2025-06-16 19:44:00+00:00,602.13,602.23,602.075,602.23,6696.0,48.0,602.133576
SPY,2025-06-16 19:45:00+00:00,602.295,602.45,602.29,602.44,7323.0,70.0,602.380601
SPY,2025-06-16 19:46:00+00:00,602.46,602.48,602.325,602.43,1996.0,22.0,602.431003
SPY,2025-06-16 19:47:00+00:00,602.395,602.455,602.39,602.455,1311.0,33.0,602.412373
SPY,2025-06-16 19:48:00+00:00,602.43,602.59,602.335,602.59,3961.0,41.0,602.464186
SPY,2025-06-16 19:49:00+00:00,602.67,602.67,602.49,602.5,5148.0,54.0,602.603236
SPY,2025-06-16 19:50:00+00:00,602.28,602.33,602.02,602.105,4449.0,73.0,602.195059
SPY,2025-06-16 19:51:00+00:00,602.035,602.185,602.035,602.16,3958.0,40.0,602.120523
SPY,2025-06-16 19:52:00+00:00,602.13,602.335,602.1,602.335,9546.0,74.0,602.206098
SPY,2025-06-16 19:53:00+00:00,602.28,602.335,602.105,602.185,11572.0,89.0,602.248703
SPY,2025-06-16 19:54:00+00:00,602.15,602.69,602.045,602.445,17635.0,124.0,602.284598
SPY,2025-06-16 19:55:00+00:00,602.775,602.775,602.4,602.535,18017.0,142.0,602.51464
SPY,2025-06-16 19:56:00+00:00,602.57,602.62,602.45,602.46,12986.0,121.0,602.532696
SPY,2025-06-16 19:57:00+00:00,602.47,602.47,602.005,602.005,12035.0,137.0,602.199432
SPY,2025-06-16 19:58:00+00:00,601.985,602.055,601.915,601.935,20788.0,178.0,601.984165
SPY,2025-06-16 19:59:00+00:00,601.885,602.75,601.815,602.705,41887.0,255.0,602.194323
SPY,2025-06-16 20:05:00+00:00,603.04,603.04,603.04,603.04,100.0,1.0,603.04
SPY,2025-06-16 20:37:00+00:00,602.98,602.98,602.98,602.98,100.0,1.0,602.98
SPY,2025-06-16 20:54:00+00:00,602.86,602.86,602.86,602.86,196.0,4.0,602.86
SPY,2025-06-17 13:30:00+00:00,600.22,600.86,600.015,600.48,6428.0,74.0,600.530558
SPY,2025-06-17 13:31:00+00:00,600.52,600.78,600.46,600.635,4037.0,45.0,600.608671
SPY,2025-06-17 13:32:00+00:00,600.59,600.66,600.42,600.52,3523.0,36.0,600.531915
SPY,2025-06-17 13:33:00+00:00,600.57,600.57,600.26,600.32,3871.0,39.0,600.353429
SPY,2025-06-17 13:34:00+00:00,600.31,600.44,600.28,600.43,8781.0,77.0,600.383769
SPY,2025-06-17 13:35:00+00:00,600.38,600.465,600.19,600.32,5757.0,58.0,600.350953
SPY,2025-06-17 13:36:00+00:00,600.24,600.36,600.2,600.2,3265.0,39.0,600.25166
SPY,2025-06-17 13:37:00+00:00,600.13,600.19,599.98,600.05,2374.0,43.0,600.062687
SPY,2025-06-17 13:38:00+00:00,600.2,600.36,600.17,600.36,1586.0,31.0,600.234595
SPY,2025-06-17 13:39:00+00:00,600.435,600.555,600.435,600.515,4148.0,47.0,600.497011
SPY,2025-06-17 13:40:00+00:00,600.48,600.74,600.47,600.595,5082.0,68.0,600.592973
SPY,2025-06-17 13:41:00+00:00,600.665,600.78,600.44,600.44,6275.0,83.0,600.703425
SPY,2025-06-17 13:42:00+00:00,600.23,600.29,599.81,599.99,4502.0,70.0,600.079595
SPY,2025-06-17 13:43:00+00:00,600.02,600.15,599.93,600.09,2800.0,33.0,600.040143
SPY,2025-06-17 13:44:00+00:00,600.02,600.045,599.855,599.97,5655.0,58.0,599.966853
SPY,2025-06-17 13:45:00+00:00,599.975,600.195,599.915,600.105,4419.0,39.0,599.990569
SPY,2025-06-17 13:46:00+00:00,600.2,600.245,600.075,600.245,7110.0,72.0,600.180838
SPY,2025-06-17 13:47:00+00:00,600.265,600.53,600.235,600.34,3835.0,43.0,600.377067
SPY,2025-06-17 13:48:00+00:00,600.4,600.46,600.08,600.24,5071.0,80.0,600.257195
SPY,2025-06-17 13:49:00+00:00,600.17,600.34,600.065,600.235,2522.0,36.0,600.21386
SPY,2025-06-17 13:50:00+00:00,600.17,600.21,600.115,600.13,1521.0,25.0,600.155465
SPY,2025-06-17 13:51:00+00:00,600.05,600.38,599.99,600.35,6403.0,52.0,600.228807
SPY,2025-06-17 13:52:00+00:00,600.43,600.9,600.42,600.74,6197.0,63.0,600.719074
SPY,2025-06-17 13:53:00+00:00,600.71,600.71,600.53,600.53,4539.0,47.0,600.605793
SPY,2025-06-17 13:54:00+00:00,600.54,600.63,600.49,600.51,2522.0,48.0,600.539144
SPY,2025-06-17 13:55:00+00:00,600.53,600.53,600.35,600.35,1602.0,31.0,600.422692
SPY,2025-06-17 13:56:00+00:00,600.35,600.85,600.33,600.66,2825.0,40.0,600.630227
SPY,2025-06-17 13:57:00+00:00,600.76,600.775,600.68,600.75,4440.0,56.0,600.728375
SPY,2025-06-17 13:58:00+00:00,600.8,600.8,600.655,600.7,3241.0,37.0,600.70074
SPY,2025-06-17 13:59:00+00:00,600.7,600.75,600.7,600.75,744.0,16.0,600.725714
SPY,2025-06-17 14:00:00+00:00,601.005,601.13,600.92,600.97,5427.0,52.0,601.0025
SPY,2025-06-17 14:01:00+00:00,600.96,600.96,600.565,600.565,1860.0,38.0,600.823955
SPY,2025-06-17 14:02:00+00:00,600.52,600.68,600.51,600.68,768.0,18.0,600.605
SPY,2025-06-17 14:03:00+00:00,600.655,600.655,600.53,600.53,2434.0,33.0,600.597059
SPY,2025-06-17 14:04:00+00:00,600.6,600.6,600.42,600.485,2077.0,21.0,600.537778
SPY,2025-06-17 14:05:00+00:00,600.495,600.695,600.41,600.69,2693.0,25.0,600.531105
SPY,2025-06-17 14:06:00+00:00,600.69,600.81,600.655,600.81,3228.0,60.0,600.715465
SPY,2025-06-17 14:07:00+00:00,600.87,600.93,600.83,600.835,2362.0,42.0,600.888097
SPY,2025-06-17 14:08:00+00:00,600.93,600.93,600.91,600.92,472.0,14.0,600.9225
SPY,2025-06-17 14:09:00+00:00,600.92,601.15,600.92,601.15,722.0,17.0,601.011504
SPY,2025-06-17 14:10:00+00:00,601.24,601.24,601.08,601.12,2392.0,39.0,601.159676
SPY,2025-06-17 14:11:00+00:00,601.13,601.27,601.13,601.27,744.0,18.0,601.208583
SPY,2025-06-17 14:12:00+00:00,601.41,601.505,601.36,601.505,3488.0,58.0,601.423626
SPY,2025-06-17 14:13:00+00:00,601.56,601.56,601.365,601.43,3282.0,35.0,601.429167
SPY,2025-06-17 14:14:00+00:00,601.42,601.63,601.42,601.525,1758.0,29.0,601.525625
SPY,2025-06-17 14:15:00+00:00,601.52,601.575,601.42,601.42,5267.0,45.0,601.453202
SPY,2025-06-17 14:16:00+00:00,601.465,601.485,601.4,601.4,705.0,23.0,601.452609
SPY,2025-06-17 14:17:00+00:00,601.46,601.535,601.36,601.38,1929.0,28.0,601.425938
SPY,2025-06-17 14:18:00+00:00,601.35,601.42,601.14,601.16,4531.0,47.0,601.312487
SPY,2025-06-17 14:19:00+00:00,601.085,601.27,601.075,601.27,2044.0,35.0,601.134656
SPY,2025-06-17 14:20:00+00:00,601.22,601.38,601.22,601.355,858.0,24.0,601.3025
SPY,2025-06-17 14:21:00+00:00,601.38,601.38,601.28,601.38,1641.0,27.0,601.312857
SPY,2025-06-17 14:22:00+00:00,601.3,601.315,601.27,601.27,2713.0,17.0,601.301378
SPY,2025-06-17 14:23:00+00:00,601.255,601.375,601.25,601.36,3385.0,31.0,601.27321
SPY,2025-06-17 14:24:00+00:00,601.31,601.31,601.01,601.01,379.0,16.0,601.148333
SPY,2025-06-17 14:25:00+00:00,601.115,601.15,601.085,601.15,1653.0,30.0,601.115
SPY,2025-06-17 14:26:00+00:00,601.185,601.195,601.09,601.115,3742.0,38.0,601.142311
SPY,2025-06-17 14:27:00+00:00,601.09,601.17,601.045,601.15,2788.0,31.0,601.092692
SPY,2025-06-17 14:28:00+00:00,601.21,601.21,601.17,601.17,440.0,21.0,601.186667
SPY,2025-06-17 14:29:00+00:00,601.185,601.185,601.12,601.175,1455.0,43.0,601.146701
SPY,2025-06-17 14:30:00+00:00,601.19,601.3,601.19,601.27,983.0,19.0,601.266278
SPY,2025-06-17 14:31:00+00:00,601.33,601.34,601.27,601.27,859.0,17.0,601.321667
SPY,2025-06-17 14:32:00+00:00,601.26,601.26,601.26,601.26,1094.0,26.0,601.26
SPY,2025-06-17 14:33:00+00:00,601.22,601.27,601.17,601.17,1157.0,29.0,601.247222
SPY,2025-06-17 14:34:00+00:00,601.125,601.165,601.115,601.115,703.0,28.0,601.134934
SPY,2025-06-17 14:35:00+00:00,600.96,600.96,600.71,600.79,1812.0,37.0,600.853356
SPY,2025-06-17 14:36:00+00:00,600.875,600.99,600.875,600.93,2242.0,33.0,600.954651
SPY,2025-06-17 14:37:00+00:00,600.82,600.83,600.66,600.78,1371.0,27.0,600.726667
SPY,2025-06-17 14:38:00+00:00,600.825,601.05,600.825,601.0,2493.0,36.0,600.954636
SPY,2025-06-17 14:39:00+00:00,601.02,601.02,600.975,600.99,790.0,19.0,601.000126
SPY,2025-06-17 14:40:00+00:00,601.0,601.0,600.72,600.72,1039.0,28.0,600.807
SPY,2025-06-17 14:41:00+00:00,600.69,600.85,600.645,600.65,1270.0,41.0,600.739462
SPY,2025-06-17 14:42:00+00:00,600.69,600.69,600.58,600.67,684.0,22.0,600.642
SPY,2025-06-17 14:43:00+00:00,600.715,600.83,600.7,600.76,1581.0,31.0,600.760833
SPY,2025-06-17 14:44:00+00:00,600.77,600.77,600.6,600.685,2098.0,30.0,600.691353
SPY,2025-06-17 14:45:00+00:00,600.61,600.86,600.61,600.86,2216.0,41.0,600.717717
SPY,2025-06-17 14:46:00+00:00,600.93,600.93,600.905,600.905,236.0,14.0,600.9175
SPY,2025-06-17 14:47:00+00:00,601.0,601.045,601.0,601.03,630.0,23.0,601.026763
SPY,2025-06-17 14:48:00+00:00,601.01,601.01,600.87,600.885,2872.0,23.0,600.891511
SPY,2025-06-17 14:49:00+00:00,600.78,600.935,600.76,600.93,986.0,19.0,600.873322
SPY,2025-06-17 14:50:00+00:00,600.9,601.13,600.84,601.13,2666.0,35.0,601.008262
SPY,2025-06-17 14:51:00+00:00,601.145,601.155,600.83,600.87,8075.0,75.0,600.993794
SPY,2025-06-17 14:52:00+00:00,600.88,600.88,600.7,600.715,10040.0,84.0,600.767335
SPY,2025-06-17 14:53:00+00:00,600.74,600.86,600.74,600.745,2387.0,36.0,600.773947
SPY,2025-06-17 14:54:00+00:00,600.76,600.82,600.76,600.82,2547.0,35.0,600.792217
SPY,2025-06-17 14:55:00+00:00,600.88,600.88,600.81,600.81,2130.0,33.0,600.84
SPY,2025-06-17 14:56:00+00:00,600.79,600.79,600.71,600.76,762.0,20.0,600.753333
SPY,2025-06-17 14:57:00+00:00,600.62,600.62,600.38,600.51,3112.0,34.0,600.495182
SPY,2025-06-17 14:58:00+00:00,600.575,600.63,600.575,600.61,1360.0,27.0,600.6145
SPY,2025-06-17 14:59:00+00:00,600.685,600.685,600.47,600.52,1778.0,25.0,600.491544
SPY,2025-06-17 15:00:00+00:00,600.46,600.705,600.44,600.705,1232.0,23.0,600.514658
SPY,2025-06-17 15:01:00+00:00,600.77,600.77,600.6,600.6,2254.0,31.0,600.664368
SPY,2025-06-17 15:02:00+00:00,600.64,600.64,600.62,600.64,579.0,16.0,600.630989
SPY,2025-06-17 15:03:00+00:00,600.79,600.93,600.79,600.93,324.0,13.0,600.845
SPY,2025-06-17 15:04:00+00:00,600.93,601.02,600.93,601.02,1262.0,26.0,600.967778
SPY,2025-06-17 15:05:00+00:00,601.0,601.01,600.95,600.99,2080.0,27.0,600.984008
SPY,2025-06-17 15:06:00+00:00,600.99,601.02,600.965,600.985,2838.0,27.0,600.997202
SPY,2025-06-17 15:07:00+00:00,601.05,601.19,601.05,601.15,1766.0,20.0,601.123517
SPY,2025-06-17 15:08:00+00:00,601.18,601.215,601.08,601.09,2573.0,40.0,601.146779
SPY,2025-06-17 15:09:00+00:00,601.15,601.2,601.15,601.15,1153.0,21.0,601.165
SPY,2025-06-17 15:10:00+00:00,601.18,601.335,601.18,601.32,2165.0,21.0,601.24875
SPY,2025-06-17 15:11:00+00:00,601.3,601.495,601.3,601.48,1482.0,29.0,601.403831
SPY,2025-06-17 15:12:00+00:00,601.47,601.47,601.41,601.42,3257.0,32.0,601.437857
SPY,2025-06-17 15:13:00+00:00,601.42,601.43,601.32,601.35,1741.0,22.0,601.355833
SPY,2025-06-17 15:14:00+00:00,601.44,601.72,601.42,601.665,4338.0,60.0,601.581389
SPY,2025-06-17 15:15:00+00:00,601.675,601.675,601.42,601.44,5094.0,31.0,601.624935
SPY,2025-06-17 15:16:00+00:00,601.34,601.34,600.96,600.975,3464.0,47.0,601.043109
SPY,2025-06-17 15:17:00+00:00,600.97,601.13,600.97,601.13,1486.0,30.0,601.088182
SPY,2025-06-17 15:18:00+00:00,601.12,601.245,601.1,601.21,1291.0,23.0,601.1825
SPY,2025-06-17 15:19:00+00:00,601.265,601.28,601.21,601.21,924.0,16.0,601.255
SPY,2025-06-17 15:21:00+00:00,601.14,601.14,600.93,600.93,3898.0,50.0,601.014206
SPY,2025-06-17 15:22:00+00:00,600.99,600.99,600.86,600.88,1470.0,19.0,600.891818
SPY,2025-06-17 15:23:00+00:00,600.83,600.9,600.79,600.9,1563.0,26.0,600.824167
SPY,2025-06-17 15:24:00+00:00,600.93,600.93,600.85,600.89,1215.0,27.0,600.9025
SPY,2025-06-17 15:25:00+00:00,600.73,600.73,600.58,600.58,806.0,19.0,600.656667
SPY,2025-06-17 15:26:00+00:00,600.71,600.725,600.7,600.71,1294.0,24.0,600.714874
SPY,2025-06-17 15:27:00+00:00,600.66,600.77,600.625,600.73,1069.0,28.0,600.705015
SPY,2025-06-17 15:28:00+00:00,600.73,600.73,600.635,600.635,987.0,20.0,600.674435
SPY,2025-06-17 15:29:00+00:00,600.55,600.56,600.43,600.48,3212.0,42.0,600.48574
SPY,2025-06-17 15:30:00+00:00,600.435,600.62,600.435,600.47,1642.0,27.0,600.508995
SPY,2025-06-17 15:31:00+00:00,600.45,600.45,600.26,600.315,1037.0,20.0,600.36125
SPY,2025-06-17 15:32:00+00:00,600.34,600.39,600.3,600.3,784.0,20.0,600.345944
SPY,2025-06-17 15:33:00+00:00,600.305,600.35,600.29,600.34,1633.0,34.0,600.323182
SPY,2025-06-17 15:34:00+00:00,600.36,600.53,600.36,600.46,2034.0,27.0,600.442778
SPY,2025-06-17 15:35:00+00:00,600.315,600.335,600.22,600.335,1198.0,33.0,600.275714
SPY,2025-06-17 15:36:00+00:00,600.42,600.74,600.42,600.74,1754.0,29.0,600.570524
SPY,2025-06-17 15:37:00+00:00,600.75,600.76,600.69,600.76,1161.0,18.0,600.718571
SPY,2025-06-17 15:38:00+00:00,600.78,600.78,600.71,600.71,1047.0,22.0,600.724
SPY,2025-06-17 15:39:00+00:00,600.64,600.64,600.53,600.57,1461.0,21.0,600.574349
SPY,2025-06-17 15:40:00+00:00,600.62,600.87,600.62,600.85,1262.0,31.0,600.707222
SPY,2025-06-17 15:41:00+00:00,600.855,600.87,600.84,600.84,1139.0,18.0,600.856818
SPY,2025-06-17 15:42:00+00:00,600.885,600.94,600.885,600.94,817.0,15.0,600.902241
SPY,2025-06-17 15:43:00+00:00,600.98,600.99,600.94,600.95,2554.0,34.0,600.956228
SPY,2025-06-17 15:44:00+00:00,600.985,601.055,600.985,601.055,679.0,13.0,601.0275
SPY,2025-06-17 15:45:00+00:00,601.06,601.14,600.97,600.97,2807.0,36.0,601.096884
SPY,2025-06-17 15:46:00+00:00,601.03,601.07,601.03,601.07,736.0,24.0,601.05
SPY,2025-06-17 15:47:00+00:00,601.03,601.04,600.97,600.97,1200.0,23.0,601.01
SPY,2025-06-17 15:48:00+00:00,600.94,600.94,600.66,600.66,1165.0,32.0,600.793366
SPY,2025-06-17 15:49:00+00:00,600.51,600.83,600.5,600.83,1416.0,29.0,600.71592
SPY,2025-06-17 15:50:00+00:00,600.955,600.965,600.78,600.78,5169.0,35.0,600.926307
SPY,2025-06-17 15:51:00+00:00,600.78,601.03,600.78,601.015,3205.0,36.0,600.9673
SPY,2025-06-17 15:52:00+00:00,601.115,601.16,601.115,601.145,2808.0,21.0,601.135926
SPY,2025-06-17 15:53:00+00:00,601.16,601.21,601.13,601.16,1373.0,21.0,601.174879
SPY,2025-06-17 15:54:00+00:00,601.14,601.14,601.02,601.02,1336.0,31.0,601.07375
SPY,2025-06-17 15:55:00+00:00,600.98,601.01,600.7,600.7,2020.0,48.0,600.862314
SPY,2025-06-17 15:56:00+00:00,600.65,600.94,600.65,600.85,1553.0,25.0,600.825984
SPY,2025-06-17 15:57:00+00:00,600.855,600.89,600.785,600.83,867.0,23.0,600.830625
SPY,2025-06-17 15:58:00+00:00,600.845,600.845,600.7,600.775,1307.0,22.0,600.75625
SPY,2025-06-17 15:59:00+00:00,600.865,600.865,600.765,600.8,923.0,11.0,600.795
SPY,2025-06-17 16:00:00+00:00,600.77,600.99,600.77,600.99,5274.0,52.0,600.96016
SPY,2025-06-17 16:01:00+00:00,600.99,601.07,600.94,601.07,13896.0,97.0,600.994475
SPY,2025-06-17 16:02:00+00:00,601.19,601.19,601.13,601.135,2419.0,24.0,601.172374
SPY,2025-06-17 16:03:00+00:00,601.125,601.21,601.12,601.21,1510.0,20.0,601.135385
SPY,2025-06-17 16:04:00+00:00,601.31,601.31,601.26,601.26,820.0,18.0,601.288333
SPY,2025-06-17 16:05:00+00:00,601.29,601.29,601.25,601.25,478.0,10.0,601.27
SPY,2025-06-17 16:07:00+00:00,601.33,601.33,601.33,601.33,258.0,11.0,601.33
SPY,2025-06-17 16:08:00+00:00,601.39,601.39,601.27,601.27,1115.0,19.0,601.344286
SPY,2025-06-17 16:09:00+00:00,601.3,601.325,600.54,600.9,7566.0,83.0,600.926699
SPY,2025-06-17 16:10:00+00:00,600.97,601.33,600.97,601.28,2156.0,31.0,601.1715
SPY,2025-06-17 16:11:00+00:00,601.31,601.35,601.27,601.3,2844.0,27.0,601.313563
SPY,2025-06-17 16:12:00+00:00,601.38,601.4,601.36,601.4,1196.0,17.0,601.37375
SPY,2025-06-17 16:13:00+00:00,601.4,601.45,601.39,601.4,1224.0,16.0,601.41
SPY,2025-06-17 16:14:00+00:00,601.43,601.43,601.43,601.43,336.0,11.0,601.43
SPY,2025-06-17 16:15:00+00:00,601.475,601.48,601.37,601.37,469.0,9.0,601.43125
SPY,2025-06-17 16:16:00+00:00,601.36,601.36,601.33,601.36,1260.0,16.0,601.351188
SPY,2025-06-17 16:17:00+00:00,601.5,601.575,601.49,601.49,715.0,15.0,601.526429
SPY,2025-06-17 16:18:00+00:00,601.46,601.46,601.34,601.395,1078.0,18.0,601.385
SPY,2025-06-17 16:19:00+00:00,601.43,601.45,601.37,601.425,2080.0,19.0,601.417632
SPY,2025-06-17 16:20:00+00:00,601.425,601.51,601.425,601.475,1680.0,20.0,601.44837
SPY,2025-06-17 16:21:00+00:00,601.36,601.36,601.24,601.24,307.0,8.0,601.29
SPY,2025-06-17 16:22:00+00:00,601.29,601.29,601.25,601.25,494.0,15.0,601.266667
SPY,2025-06-17 16:23:00+00:00,601.2,601.285,601.19,601.28,1127.0,25.0,601.251471
SPY,2025-06-17 16:24:00+00:00,601.275,601.295,601.16,601.17,1545.0,22.0,601.243571
SPY,2025-06-17 16:25:00+00:00,601.14,601.31,601.14,601.31,578.0,16.0,601.245
SPY,2025-06-17 16:26:00+00:00,601.255,601.265,601.12,601.12,806.0,11.0,601.240733
SPY,2025-06-17 16:28:00+00:00,601.21,601.32,601.21,601.32,1246.0,12.0,601.280833
SPY,2025-06-17 16:29:00+00:00,601.3,601.32,601.2,601.2,840.0,16.0,601.25125
SPY,2025-06-17 16:30:00+00:00,601.13,601.22,601.13,601.2,1354.0,15.0,601.153077
SPY,2025-06-17 16:31:00+00:00,601.035,601.24,601.035,601.22,1590.0,16.0,601.158333
SPY,2025-06-17 16:32:00+00:00,601.24,601.35,601.24,601.33,648.0,17.0,601.315
SPY,2025-06-17 16:33:00+00:00,601.405,601.46,601.405,601.41,6110.0,19.0,601.434
SPY,2025-06-17 16:34:00+00:00,601.4,601.46,601.39,601.46,381.0,12.0,601.416667
SPY,2025-06-17 16:35:00+00:00,601.495,601.53,601.47,601.53,859.0,18.0,601.49375
SPY,2025-06-17 16:36:00+00:00,601.55,601.55,601.52,601.52,656.0,13.0,601.53
SPY,2025-06-17 16:37:00+00:00,601.52,601.52,601.41,601.42,1404.0,13.0,601.447143
SPY,2025-06-17 16:38:00+00:00,601.42,601.515,601.42,601.515,560.0,15.0,601.45
SPY,2025-06-17 16:39:00+00:00,601.48,601.48,601.35,601.35,733.0,12.0,601.40919
SPY,2025-06-17 16:40:00+00:00,601.32,601.345,601.24,601.245,1435.0,26.0,601.29875
SPY,2025-06-17 16:41:00+00:00,601.225,601.25,601.045,601.09,2039.0,26.0,601.19036
SPY,2025-06-17 16:42:00+00:00,601.06,601.11,601.06,601.11,622.0,16.0,601.076
SPY,2025-06-17 16:43:00+00:00,601.02,601.23,601.02,601.17,1990.0,21.0,601.212682
SPY,2025-06-17 16:44:00+00:00,601.09,601.09,600.51,600.66,4814.0,49.0,600.833568
SPY,2025-06-17 16:45:00+00:00,600.63,601.0,600.63,600.79,3146.0,40.0,600.851481
SPY,2025-06-17 16:46:00+00:00,600.91,601.05,600.9,601.05,1234.0,20.0,600.965556
SPY,2025-06-17 16:47:00+00:00,601.03,601.03,600.85,600.9,935.0,13.0,600.91795
SPY,2025-06-17 16:48:00+00:00,600.86,600.86,600.7,600.76,1914.0,27.0,600.790293
SPY,2025-06-17 16:49:00+00:00,600.74,600.74,600.2,600.35,4233.0,42.0,600.447235
SPY,2025-06-17 16:50:00+00:00,600.65,600.65,600.3,600.3,1448.0,15.0,600.397917
SPY,2025-06-17 16:51:00+00:00,600.58,600.71,600.56,600.62,2370.0,27.0,600.62087
SPY,2025-06-17 16:52:00+00:00,600.64,600.64,600.245,600.31,2172.0,24.0,600.430752
SPY,2025-06-17 16:53:00+00:00,600.3,600.355,600.265,600.275,3562.0,42.0,600.306872
SPY,2025-06-17 16:54:00+00:00,600.26,600.51,600.215,600.45,3453.0,38.0,600.388204
SPY,2025-06-17 16:55:00+00:00,600.33,600.33,600.0,600.14,4252.0,44.0,600.174723
SPY,2025-06-17 16:56:00+00:00,600.035,600.21,599.98,600.1,4695.0,44.0,600.141436
SPY,2025-06-17 16:57:00+00:00,599.99,600.05,599.88,599.91,2805.0,31.0,600.007742
SPY,2025-06-17 16:58:00+00:00,599.96,599.96,599.75,599.75,2459.0,26.0,599.863635
SPY,2025-06-17 16:59:00+00:00,599.74,599.815,599.53,599.815,6355.0,38.0,599.694618
SPY,2025-06-17 17:00:00+00:00,599.74,599.795,599.64,599.64,5371.0,35.0,599.733933
SPY,2025-06-17 17:01:00+00:00,599.58,599.61,599.45,599.61,1810.0,13.0,599.501944
SPY,2025-06-17 17:02:00+00:00,599.605,599.86,599.565,599.86,1141.0,16.0,599.641667
SPY,2025-06-17 17:03:00+00:00,599.84,600.09,599.83,600.08,2249.0,32.0,599.979851
SPY,2025-06-17 17:04:00+00:00,600.1,600.16,600.06,600.14,3799.0,45.0,600.115474
SPY,2025-06-17 17:05:00+00:00,600.01,600.01,599.59,599.59,2777.0,24.0,599.806145
SPY,2025-06-17 17:06:00+00:00,599.6,599.655,599.515,599.59,1400.0,20.0,599.588182
SPY,2025-06-17 17:07:00+00:00,599.685,599.82,599.58,599.82,1103.0,13.0,599.6335
SPY,2025-06-17 17:08:00+00:00,599.96,599.995,599.89,599.93,3382.0,35.0,599.956727
SPY,2025-06-17 17:09:00+00:00,599.84,599.98,599.84,599.98,1764.0,22.0,599.920417
SPY,2025-06-17 17:10:00+00:00,599.94,600.175,599.94,600.04,3994.0,20.0,600.099198
SPY,2025-06-17 17:11:00+00:00,600.0,600.05,599.89,599.945,2096.0,24.0,599.960931
SPY,2025-06-17 17:12:00+00:00,599.955,599.99,599.955,599.97,580.0,14.0,599.97625
SPY,2025-06-17 17:13:00+00:00,600.03,600.14,600.03,600.14,1047.0,23.0,600.089006
SPY,2025-06-17 17:14:00+00:00,599.99,600.06,599.97,599.98,3970.0,29.0,599.994393
SPY,2025-06-17 17:15:00+00:00,599.97,600.03,599.955,599.96,1418.0,27.0,599.985902
SPY,2025-06-17 17:16:00+00:00,599.87,599.87,599.72,599.85,3568.0,69.0,599.77949
SPY,2025-06-17 17:17:00+00:00,599.88,599.9,599.79,599.83,2865.0,40.0,599.834092
SPY,2025-06-17 17:18:00+00:00,599.905,599.98,599.905,599.905,2034.0,40.0,599.931718
SPY,2025-06-17 17:19:00+00:00,599.76,599.79,599.64,599.67,1974.0,29.0,599.721135
SPY,2025-06-17 17:20:00+00:00,599.645,599.645,599.43,599.57,2449.0,56.0,599.530294
SPY,2025-06-17 17:21:00+00:00,599.55,599.55,599.34,599.49,3345.0,56.0,599.419705
SPY,2025-06-17 17:22:00+00:00,599.46,599.46,599.38,599.46,2227.0,35.0,599.427059
SPY,2025-06-17 17:23:00+00:00,599.57,599.57,599.42,599.48,2561.0,29.0,599.472894
SPY,2025-06-17 17:24:00+00:00,599.54,599.73,599.46,599.46,2631.0,37.0,599.590649
SPY,2025-06-17 17:25:00+00:00,599.335,599.42,599.2,599.28,4516.0,79.0,599.299408
SPY,2025-06-17 17:26:00+00:00,599.4,599.4,599.15,599.34,1691.0,19.0,599.310357
SPY,2025-06-17 17:27:00+00:00,599.295,599.36,599.24,599.28,3701.0,39.0,599.299834
SPY,2025-06-17 17:28:00+00:00,599.255,599.255,599.06,599.06,2407.0,31.0,599.122691
SPY,2025-06-17 17:29:00+00:00,599.04,599.11,599.0,599.0,2697.0,27.0,599.04
SPY,2025-06-17 17:30:00+00:00,598.94,598.99,598.59,598.93,3960.0,50.0,598.840139
SPY,2025-06-17 17:31:00+00:00,598.96,599.25,598.96,599.24,1216.0,18.0,599.101051
SPY,2025-06-17 17:32:00+00:00,599.21,599.25,599.145,599.25,2365.0,14.0,599.197399
SPY,2025-06-17 17:33:00+00:00,599.24,599.55,599.24,599.46,5493.0,57.0,599.447994
SPY,2025-06-17 17:34:00+00:00,599.525,599.62,599.52,599.59,1597.0,23.0,599.558754
SPY,2025-06-17 17:35:00+00:00,599.6,599.81,599.6,599.81,1280.0,21.0,599.712
SPY,2025-06-17 17:36:00+00:00,599.7,599.755,599.69,599.755,1393.0,19.0,599.728462
SPY,2025-06-17 17:37:00+00:00,599.73,599.82,599.73,599.82,1191.0,14.0,599.772269
SPY,2025-06-17 17:38:00+00:00,599.805,599.85,599.43,599.45,1124.0,20.0,599.645856
SPY,2025-06-17 17:39:00+00:00,599.42,599.46,599.24,599.39,1384.0,20.0,599.408784
SPY,2025-06-17 17:40:00+00:00,599.28,599.31,599.16,599.16,725.0,10.0,599.26
SPY,2025-06-17 17:41:00+00:00,599.46,599.6,599.46,599.51,1587.0,30.0,599.522
SPY,2025-06-17 17:42:00+00:00,599.39,599.39,599.39,599.39,215.0,8.0,599.39
SPY,2025-06-17 17:43:00+00:00,599.2,599.2,599.18,599.18,483.0,13.0,599.19
SPY,2025-06-17 17:44:00+00:00,599.12,599.12,598.8,598.87,2794.0,36.0,598.93181
SPY,2025-06-17 17:45:00+00:00,598.86,599.04,598.78,598.95,4745.0,44.0,598.88875
SPY,2025-06-17 17:46:00+00:00,598.87,598.87,598.14,598.75,8916.0,122.0,598.446963
SPY,2025-06-17 17:47:00+00:00,598.64,598.64,598.3,598.35,3534.0,52.0,598.416931
SPY,2025-06-17 17:48:00+00:00,598.27,598.285,598.12,598.16,1892.0,37.0,598.190682
SPY,2025-06-17 17:49:00+00:00,598.07,598.19,597.72,598.12,4431.0,82.0,597.985802
SPY,2025-06-17 17:50:00+00:00,598.01,598.1,597.805,598.03,4737.0,63.0,597.969682
SPY,2025-06-17 17:51:00+00:00,597.96,598.06,597.55,597.82,4763.0,54.0,597.733679
SPY,2025-06-17 17:52:00+00:00,597.87,598.1,597.82,597.98,2677.0,41.0,597.911364
SPY,2025-06-17 17:53:00+00:00,597.96,598.29,597.94,598.26,2905.0,39.0,598.133086
SPY,2025-06-17 17:54:00+00:00,598.05,598.22,598.05,598.185,2703.0,52.0,598.151384
SPY,2025-06-17 17:55:00+00:00,598.27,598.46,598.27,598.38,5651.0,63.0,598.370996
SPY,2025-06-17 17:56:00+00:00,598.4,598.56,598.4,598.545,1826.0,36.0,598.488835
SPY,2025-06-17 17:57:00+00:00,598.595,598.64,598.53,598.53,4126.0,65.0,598.562004
SPY,2025-06-17 17:58:00+00:00,598.5,598.5,598.17,598.24,4027.0,52.0,598.355823
SPY,2025-06-17 17:59:00+00:00,598.22,598.22,598.02,598.02,1993.0,40.0,598.140526
SPY,2025-06-17 18:00:00+00:00,597.92,597.92,597.26,597.655,5758.0,64.0,597.62454
SPY,2025-06-17 18:01:00+00:00,597.365,597.68,597.23,597.585,8295.0,61.0,597.514619
SPY,2025-06-17 18:02:00+00:00,597.45,597.65,597.24,597.55,3930.0,36.0,597.468461
SPY,2025-06-17 18:03:00+00:00,597.66,597.66,597.34,597.35,1941.0,29.0,597.540752
SPY,2025-06-17 18:04:00+00:00,597.35,597.41,597.18,597.41,2411.0,34.0,597.324632
SPY,2025-06-17 18:05:00+00:00,597.56,597.74,597.45,597.74,8289.0,71.0,597.587916
SPY,2025-06-17 18:06:00+00:00,597.66,597.84,597.54,597.56,4165.0,59.0,597.661642
SPY,2025-06-17 18:07:00+00:00,597.66,597.88,597.64,597.88,1627.0,28.0,597.741306
SPY,2025-06-17 18:08:00+00:00,597.9,597.91,597.72,597.725,9709.0,41.0,597.870464
SPY,2025-06-17 18:09:00+00:00,597.67,597.96,597.67,597.96,5801.0,57.0,597.785495
SPY,2025-06-17 18:10:00+00:00,598.0,598.18,598.0,598.15,3683.0,55.0,598.100977
SPY,2025-06-17 18:11:00+00:00,598.12,598.12,597.96,598.06,2689.0,36.0,598.031544
SPY,2025-06-17 18:12:00+00:00,598.105,598.105,597.68,597.73,3110.0,35.0,597.873895
SPY,2025-06-17 18:13:00+00:00,597.88,598.005,597.87,597.99,1590.0,24.0,597.948462
SPY,2025-06-17 18:14:00+00:00,597.96,597.97,597.8,597.8,2980.0,32.0,597.885462
SPY,2025-06-17 18:15:00+00:00,597.68,597.84,597.46,597.48,6119.0,48.0,597.62553
SPY,2025-06-17 18:16:00+00:00,597.53,597.735,597.41,597.56,3401.0,33.0,597.577491
SPY,2025-06-17 18:17:00+00:00,597.5,597.805,597.5,597.805,2408.0,29.0,597.59275
SPY,2025-06-17 18:18:00+00:00,597.79,597.79,597.58,597.77,1303.0,17.0,597.679583
SPY,2025-06-17 18:19:00+00:00,597.7,597.7,597.51,597.67,2100.0,31.0,597.620471
SPY,2025-06-17 18:20:00+00:00,597.64,597.75,597.57,597.75,2603.0,34.0,597.665476
SPY,2025-06-17 18:21:00+00:00,597.71,597.8,597.58,597.68,3412.0,36.0,597.679338
SPY,2025-06-17 18:22:00+00:00,597.67,597.765,597.55,597.63,1688.0,23.0,597.646538
SPY,2025-06-17 18:23:00+00:00,597.62,597.62,597.49,597.55,1623.0,20.0,597.554615
SPY,2025-06-17 18:24:00+00:00,597.57,597.645,597.44,597.44,3477.0,31.0,597.570325
SPY,2025-06-17 18:25:00+00:00,597.46,597.55,597.24,597.36,4138.0,57.0,597.393769
SPY,2025-06-17 18:26:00+00:00,597.37,597.46,597.14,597.37,4476.0,47.0,597.344992
SPY,2025-06-17 18:27:00+00:00,597.34,597.36,597.07,597.27,8371.0,70.0,597.175551
SPY,2025-06-17 18:28:00+00:00,597.31,597.39,596.98,597.14,5813.0,57.0,597.212966
SPY,2025-06-17 18:29:00+00:00,597.29,597.48,597.29,597.37,2240.0,44.0,597.388226
SPY,2025-06-17 18:30:00+00:00,597.38,597.73,597.38,597.62,2270.0,37.0,597.58
SPY,2025-06-17 18:31:00+00:00,597.77,597.825,597.61,597.72,5640.0,80.0,597.759515
SPY,2025-06-17 18:32:00+00:00,597.76,597.76,597.53,597.59,1705.0,21.0,597.669583
SPY,2025-06-17 18:33:00+00:00,597.55,597.62,597.51,597.51,1065.0,18.0,597.569
SPY,2025-06-17 18:34:00+00:00,597.6,597.88,597.6,597.85,1750.0,27.0,597.735938
SPY,2025-06-17 18:35:00+00:00,597.885,598.0,597.82,597.97,3231.0,40.0,597.934167
SPY,2025-06-17 18:36:00+00:00,597.9,597.915,597.61,597.67,3823.0,43.0,597.765802
SPY,2025-06-17 18:37:00+00:00,597.7,597.82,597.55,597.82,11149.0,55.0,597.612901
SPY,2025-06-17 18:38:00+00:00,597.805,597.9,597.64,597.64,1777.0,30.0,597.776071
SPY,2025-06-17 18:39:00+00:00,597.46,597.5,597.35,597.49,2395.0,32.0,597.417322
SPY,2025-06-17 18:40:00+00:00,597.38,597.51,597.215,597.27,1781.0,30.0,597.320335
SPY,2025-06-17 18:41:00+00:00,597.19,597.25,597.08,597.19,2347.0,36.0,597.153472
SPY,2025-06-17 18:42:00+00:00,597.155,597.21,597.14,597.21,1119.0,26.0,597.172143
SPY,2025-06-17 18:43:00+00:00,597.14,597.34,597.115,597.115,3814.0,59.0,597.243658
SPY,2025-06-17 18:44:00+00:00,597.165,597.25,596.79,597.23,9185.0,100.0,597.082678
SPY,2025-06-17 18:45:00+00:00,597.29,597.45,597.29,597.45,2305.0,34.0,597.373785
SPY,2025-06-17 18:46:00+00:00,597.44,597.57,597.39,597.57,4092.0,35.0,597.462363
SPY,2025-06-17 18:47:00+00:00,597.5,597.54,597.29,597.395,1650.0,25.0,597.403462
SPY,2025-06-17 18:48:00+00:00,597.35,597.39,597.23,597.39,2415.0,30.0,597.325909
SPY,2025-06-17 18:49:00+00:00,597.37,597.44,597.37,597.42,1925.0,26.0,597.426216
SPY,2025-06-17 18:50:00+00:00,597.41,597.52,597.41,597.49,1542.0,22.0,597.459
SPY,2025-06-17 18:51:00+00:00,597.47,597.51,597.32,597.33,3075.0,40.0,597.406585
SPY,2025-06-17 18:52:00+00:00,597.36,597.36,597.27,597.27,3499.0,36.0,597.318813
SPY,2025-06-17 18:53:00+00:00,597.26,597.37,597.25,597.37,2744.0,39.0,597.30834
SPY,2025-06-17 18:54:00+00:00,597.345,597.43,597.28,597.43,2121.0,25.0,597.347736
SPY,2025-06-17 18:55:00+00:00,597.6,597.745,597.53,597.745,6585.0,67.0,597.666288
SPY,2025-06-17 18:56:00+00:00,597.74,597.86,597.74,597.8,3196.0,36.0,597.800664
SPY,2025-06-17 18:57:00+00:00,597.83,597.97,597.71,597.95,6142.0,55.0,597.800731
SPY,2025-06-17 18:58:00+00:00,597.97,598.075,597.95,598.07,7066.0,49.0,598.003106
SPY,2025-06-17 18:59:00+00:00,598.075,598.16,598.015,598.13,3967.0,51.0,598.077643
SPY,2025-06-17 19:00:00+00:00,598.15,598.21,597.97,597.97,2700.0,33.0,598.126723
SPY,2025-06-17 19:01:00+00:00,597.99,598.005,597.9,597.9,1171.0,29.0,597.948571
SPY,2025-06-17 19:02:00+00:00,597.86,598.1,597.85,598.0,2965.0,34.0,597.958518
SPY,2025-06-17 19:03:00+00:00,598.05,598.05,597.695,597.74,6420.0,55.0,597.763481
SPY,2025-06-17 19:04:00+00:00,597.66,597.71,597.6,597.6,2763.0,27.0,597.676691
SPY,2025-06-17 19:05:00+00:00,597.6,597.6,597.4,597.4,3373.0,41.0,597.461742
SPY,2025-06-17 19:06:00+00:00,597.5,597.64,597.5,597.63,2400.0,23.0,597.583122
SPY,2025-06-17 19:07:00+00:00,597.59,597.77,597.59,597.74,2068.0,29.0,597.678889
SPY,2025-06-17 19:08:00+00:00,597.75,597.83,597.61,597.83,2879.0,39.0,597.721451
SPY,2025-06-17 19:09:00+00:00,597.78,597.82,597.72,597.78,2108.0,39.0,597.781725
SPY,2025-06-17 19:10:00+00:00,597.84,597.84,597.575,597.58,1364.0,25.0,597.660769
SPY,2025-06-17 19:11:00+00:00,597.71,598.07,597.68,598.07,4050.0,57.0,597.942656
SPY,2025-06-17 19:12:00+00:00,598.0,598.17,598.0,598.08,1757.0,34.0,598.079779
SPY,2025-06-17 19:13:00+00:00,598.06,598.06,597.93,597.98,1908.0,23.0,598.024991
SPY,2025-06-17 19:14:00+00:00,597.94,598.0,597.94,598.0,1032.0,25.0,597.985397
SPY,2025-06-17 19:15:00+00:00,597.94,598.07,597.93,598.01,4209.0,54.0,598.031098
SPY,2025-06-17 19:16:00+00:00,598.02,598.055,597.96,597.98,4153.0,40.0,598.020943
SPY,2025-06-17 19:17:00+00:00,598.0,598.02,597.64,597.685,6807.0,59.0,597.829604
SPY,2025-06-17 19:18:00+00:00,597.82,597.82,597.69,597.72,2044.0,31.0,597.758
SPY,2025-06-17 19:19:00+00:00,597.76,597.77,597.72,597.72,4690.0,19.0,597.759239
SPY,2025-06-17 19:20:00+00:00,597.735,598.08,597.735,598.07,2363.0,27.0,597.887273
SPY,2025-06-17 19:21:00+00:00,598.07,598.16,598.03,598.1,2224.0,31.0,598.106054
SPY,2025-06-17 19:22:00+00:00,598.09,598.27,598.09,598.24,3226.0,44.0,598.195568
SPY,2025-06-17 19:23:00+00:00,598.3,598.3,598.22,598.22,2682.0,45.0,598.265417
SPY,2025-06-17 19:24:00+00:00,598.205,598.31,598.18,598.3,2954.0,40.0,598.254704
SPY,2025-06-17 19:25:00+00:00,598.29,598.36,598.28,598.36,4074.0,61.0,598.313562
SPY,2025-06-17 19:26:00+00:00,598.28,598.32,598.15,598.25,7485.0,68.0,598.232749
SPY,2025-06-17 19:27:00+00:00,598.28,598.285,598.13,598.18,7720.0,73.0,598.226106
SPY,2025-06-17 19:28:00+00:00,598.19,598.285,598.18,598.23,11435.0,105.0,598.21767
SPY,2025-06-17 19:29:00+00:00,598.235,598.28,598.19,598.25,9081.0,87.0,598.249725
SPY,2025-06-17 19:30:00+00:00,598.27,598.35,598.23,598.23,12541.0,96.0,598.285372
SPY,2025-06-17 19:31:00+00:00,598.25,598.25,597.98,598.0,6274.0,66.0,598.090828
SPY,2025-06-17 19:32:00+00:00,598.04,598.22,598.04,598.085,3996.0,46.0,598.133966
SPY,2025-06-17 19:33:00+00:00,598.11,598.11,597.97,598.11,1802.0,31.0,598.030115
SPY,2025-06-17 19:34:00+00:00,598.12,598.17,598.06,598.17,3141.0,34.0,598.103077
SPY,2025-06-17 19:35:00+00:00,598.26,598.335,598.24,598.335,3725.0,49.0,598.271667
SPY,2025-06-17 19:36:00+00:00,598.33,598.37,598.26,598.29,4552.0,47.0,598.303852
SPY,2025-06-17 19:37:00+00:00,598.3,598.375,598.26,598.32,5635.0,44.0,598.314988
SPY,2025-06-17 19:38:00+00:00,598.32,598.325,598.185,598.28,5868.0,65.0,598.273017
SPY,2025-06-17 19:39:00+00:00,598.21,598.24,597.94,597.97,5109.0,60.0,598.09407
SPY,2025-06-17 19:40:00+00:00,597.91,598.03,597.88,597.88,4996.0,54.0,597.938501
SPY,2025-06-17 19:41:00+00:00,597.88,597.895,597.57,597.87,3896.0,83.0,597.749854
SPY,2025-06-17 19:42:00+00:00,597.74,597.79,597.61,597.67,3617.0,51.0,597.727399
SPY,2025-06-17 19:43:00+00:00,597.66,597.9,597.66,597.87,7515.0,59.0,597.78521
SPY,2025-06-17 19:44:00+00:00,597.815,597.98,597.74,597.88,4461.0,38.0,597.877894
SPY,2025-06-17 19:45:00+00:00,597.92,598.17,597.92,598.17,4207.0,42.0,598.04317
SPY,2025-06-17 19:46:00+00:00,598.15,598.19,597.96,598.03,3904.0,38.0,598.075233
SPY,2025-06-17 19:47:00+00:00,597.99,598.19,597.98,598.17,5646.0,55.0,598.102653
SPY,2025-06-17 19:48:00+00:00,598.17,598.29,598.15,598.285,7225.0,55.0,598.210784
SPY,2025-06-17 19:49:00+00:00,598.27,598.33,598.17,598.33,3484.0,49.0,598.265577
SPY,2025-06-17 19:50:00+00:00,598.24,598.52,598.04,598.3,9239.0,98.0,598.272157
SPY,2025-06-17 19:51:00+00:00,598.195,598.24,598.03,598.16,9298.0,87.0,598.132694
SPY,2025-06-17 19:52:00+00:00,598.04,598.08,597.92,597.93,5261.0,72.0,597.993309
SPY,2025-06-17 19:53:00+00:00,597.91,598.08,597.91,598.08,5778.0,64.0,597.99853
SPY,2025-06-17 19:54:00+00:00,597.98,597.98,597.67,597.865,8996.0,86.0,597.773515
SPY,2025-06-17 19:55:00+00:00,597.605,597.99,597.33,597.93,13788.0,137.0,597.601401
SPY,2025-06-17 19:56:00+00:00,597.935,598.01,597.85,597.92,13208.0,140.0,597.94479
SPY,2025-06-17 19:57:00+00:00,597.91,598.03,597.58,597.72,10753.0,122.0,597.791324
SPY,2025-06-17 19:58:00+00:00,597.72,597.77,597.525,597.525,19658.0,161.0,597.628656
SPY,2025-06-17 19:59:00+00:00,597.55,597.725,597.35,597.6,18591.0,160.0,597.524391
